Workbook

Sheet README
A1: Grid de experimentos del Radar
A3: Basado en el esquema del archivo subido: Funcion_Perdida_Radar_y_Grid_Experimentos.docx
A5: Cómo usar este archivo
A6: 1) En 'RESULTADOS_GRID', cada fila representa un resultado por horizonte (1, 2, 3 o 4 semanas) para un run.
A7: 2) Completa métricas de entrada: L_num, L_trend, L_risk, L_tol, MAE, RMSE, dirección accuracy y detección de caídas.
A8: 3) Los pesos alpha, beta, gamma, delta y w_h se traen automáticamente desde 'CONFIG_REFERENCIA'.
A9: 4) En 'RUN_SUMMARY' se consolida el score multi-horizonte por Run_ID y se calcula L_total_Radar = Σ Loss_h + eta × L_coh.
A10: 5) Usa 'CATALOGO_EXPERIMENTOS' como plantilla base (E1–E10) y duplica o añade runs según vayas probando variantes.
A12: Notas
A13: 6) Cierre oficial E1 Ridge: E1_v5_clean queda como mejor Ridge limpio global y E1_v4_clean como referencia parsimoniosa.
A14: 7) Cierre oficial E2 Huber: E2_v3_clean gana internamente, E2_v2_clean descarta convergencia como causa principal y la familia queda cerrada.
A15: 8) E2_v4_clean queda cancelada por decision metodologica explicita y no se ejecuta.
... A21: Morado = control / lógica

Sheet CONFIG_REFERENCIA
A1: Pesos por horizonte | D1: Pesos internos de la pérdida | G1: Catálogos / listas | O1: Formula de referencia
A2: Horizonte_sem | B2: Peso_w | D2: Parametro | E2: Valor | G2: Familia | H2: Target | I2: Transformacion | J2: Seleccion_variables | K2: Validacion | L2: Estado | M2: Decision | O2: Loss_h = w_h × (alpha×L_num + beta×L_trend + gamma×L_risk + delta×L_tol)
A3: 1 | B3: 0.3 | D3: alpha | E3: 0.35 | G3: lineal | H3: nivel | I3: original | J3: todas | K3: walk-forward | L3: pendiente | M3: descartar | O3: L_total_Radar = Σ Loss_h + eta × L_coh
A4: 2 | B4: 0.25 | D4: beta | E4: 0.25 | G4: robusto | H4: delta | I4: estandarizada | J4: correlacion | K4: expanding_window | L4: correr | M4: contender
A5: 3 | B5: 0.3 | D5: gamma | E5: 0.25 | G5: boosting | H5: ambos | I5: log | J5: lasso | K5: rolling_window | L5: corrido | M5: finalista
A6: 4 | B6: 0.15 | D6: delta | E6: 0.1 | G6: temporal | I6: robusta | J6: importancia_arboles | L6: revisar | M6: ganador
D7: eta | E7: 0.05 | G7: hibrido | I7: winsorizada
G8: ensemble

Sheet CATALOGO_EXPERIMENTOS
A1: Experiment_ID | B1: Familia | C1: Modelo_base | D1: Objetivo | E1: Variables_base | F1: Validacion_recomendada | G1: Notas
A2: E1 | B2: lineal | C2: Ridge / Elastic Net | D2: Baseline interpretable por horizonte | E2: Lags del IAD + variables tematicas | F2: walk-forward | G2: Ridge cerrado como rama principal: E1_v5_clean mejor global por L_total_Radar; E1_v4_clean referencia parsimoniosa. No continuar automaticamente con E1_v6+.
A3: E2 | B3: robusto | C3: Huber Regressor | D3: Baseline robusto a ruido y outliers | E3: Lags del IAD + variables tematicas | F3: walk-forward | G3: Familia cerrada bajo esquema limpio temporal: E2_v3_clean gana internamente, E2_v2_clean descarta convergencia como explicacion principal y E2_v4_clean se cancela por decision metodologica. No competitiva frente a E1_v5_clean.
A4: E3 | B4: boosting | C4: Random Forest | D4: Explorar no linealidades básicas | E4: Variables temporales y tematicas | F4: walk-forward | G4: Siguiente prioridad operativa: Random Forest clean con el mismo marco temporal. Referencia principal E1_v5_clean; referencias secundarias E1_v4_clean y E2_v3_clean.
A5: E4 | B5: boosting | C5: XGBoost / LightGBM | D5: Candidato fuerte para tabular multi-factor | E5: Variables temporales y tematicas | F5: walk-forward | G5: Continuidad natural de E3: XGBoost / LightGBM con la misma arquitectura limpia por familias.
A6: E5 | B6: boosting | C6: CatBoost | D6: Comparar boosting con regularización | E6: Variables mixtas | F6: walk-forward | G6: Continuidad de boosting: CatBoost con el mismo marco temporal y comparaciones contra E1/E3.
A7: E6 | B7: temporal | C7: ARIMAX / SARIMAX | D7: Evaluar fuerza de la dinámica temporal | E7: Serie + regresores digitales | F7: walk-forward | G7: Capta bien tendencia/autocorrelación
A8: E7 | B8: temporal | C8: Prophet + regresores | D8: Alternativa temporal más flexible | E8: Serie + regresores | F8: walk-forward | G8: Útil como benchmark temporal flexible
A9: E8 | B9: hibrido | C9: Temporal + boosting residuales | D9: Captar tendencia base + shocks no lineales | E9: Temporal + tabular | F9: walk-forward | G9: Enfoque híbrido de alto potencial
A10: E9 | B10: hibrido | C10: Stacking lineal + boosting + temporal | D10: Combinar señales complementarias | E10: Modelos base complementarios | F10: walk-forward | G10: Conviene si hay ganadores distintos por horizonte
A11: E10 | B11: ensemble | C11: Mejor modelo por horizonte + ensemble final | D11: Maximizar desempeño operativo | E11: Ganadores por horizonte | F11: walk-forward | G11: Cierre natural del banco de modelos

Sheet RESULTADOS_GRID
A1: Fecha | B1: Run_ID | C1: Experiment_ID | D1: Familia_modelo | E1: Modelo | F1: Horizonte_sem | G1: Target | H1: Variables_temporales | I1: Variables_tematicas | J1: Transformacion | K1: Seleccion_variables | L1: Validacion | M1: Dataset_Periodo | N1: Notas_config | O1: alpha | P1: beta | Q1: gamma | R1: delta | S1: w_h | T1: L_num | U1: L_trend | V1: L_risk | W1: L_tol | X1: Loss_h | Y1: MAE | Z1: RMSE | AA1: Direccion_accuracy | AB1: Deteccion_caidas | AC1: Estado | AD1: Comentarios | AE1: Script_nombre | AF1: Script_ruta | AG1: Run_dir | AH1: Snapshot_script | AI1: Parametros_ruta_json | AJ1: Resultados_ruta_json | AK1: Timestamp_run | AL1: Task_type | AM1: Accuracy_5clases | AN1: Balanced_accuracy_5clases | AO1: Macro_f1_5clases | AP1: Weighted_f1_5clases | AQ1: Recall_baja_fuerte | AR1: Recall_baja_total | AS1: Precision_baja_fuerte | AT1: Recall_sube_fuerte | AU1: Recall_sube_total | AV1: Accuracy_3clases | AW1: Macro_f1_3clases | AX1: Balanced_accuracy_3clases | AY1: Loss_clasificacion_h
A2: 2026-03-21 06:37:15 | B2: E1_v1 | C2: E1 | D2: lineal | E2: RidgeCV | F2: 1 | G2: nivel | H2: y_t + lags 1..4 | I2: sentimiento_medios, v5_agua_neto, v5_alumbrado_neto, v5_americo_neto, v5_basura_neto, v5_corrupcion_neto, v5_delitos_neto, v5_morena_neto, v5_obras_neto, v5_prevencion_neto, v5_vialidad_neto | J2: estandarizada | K2: todas | L2: walk-forward_expanding | M2: 2024-10-14 a 2026-03-02 | N2: RidgeCV con 59 features, lags=[1, 2, 3, 4], initial_train_size=40 | O2: 0.35 | P2: 0.25 | Q2: 0.25 | R2: 0.1 | S2: 0.3 | T2: 0.17637742 | U2: 0.17857143 | V2: 0.23076923 | W2: 0.78571429 | X2: 0.072791607 | Y2: 0.10852222 | Z2: 0.13647812 | AA2: 0.82142857 | AB2: 0.76923077 | AC2: corrido | AD2: Retrointegrado desde metricas_horizonte.json para persistir resumen numerico. | AE2: run_e1_ridge.py | AF2: Scripts/Modeling/run_e1_ridge.py | AG2: Experimentos/runs/E1_v1_20260321_063715 | AH2: Experimentos/runs/E1_v1_20260321_063715/scripts/run_e1_ridge.py | AI2: Experimentos/runs/E1_v1_20260321_063715/parametros_run.json | AJ2: Experimentos/runs/E1_v1_20260321_063715/metricas_horizonte.json | AK2: 2026-03-21 06:37:15
A3: 2026-03-21 06:37:15 | B3: E1_v1 | C3: E1 | D3: lineal | E3: RidgeCV | F3: 2 | G3: nivel | H3: y_t + lags 1..4 | I3: sentimiento_medios, v5_agua_neto, v5_alumbrado_neto, v5_americo_neto, v5_basura_neto, v5_corrupcion_neto, v5_delitos_neto, v5_morena_neto, v5_obras_neto, v5_prevencion_neto, v5_vialidad_neto | J3: estandarizada | K3: todas | L3: walk-forward_expanding | M3: 2024-10-14 a 2026-03-02 | N3: RidgeCV con 59 features, lags=[1, 2, 3, 4], initial_train_size=40 | O3: 0.35 | P3: 0.25 | Q3: 0.25 | R3: 0.1 | S3: 0.25 | T3: 0.1677302 | U3: 0.40740741 | V3: 0.41666667 | W3: 0.77777778 | X3: 0.085625466 | Y3: 0.10320172 | Z3: 0.13166084 | AA3: 0.59259259 | AB3: 0.58333333 | AC3: corrido | AD3: Retrointegrado desde metricas_horizonte.json para persistir resumen numerico. | AE3: run_e1_ridge.py | AF3: Scripts/Modeling/run_e1_ridge.py | AG3: Experimentos/runs/E1_v1_20260321_063715 | AH3: Experimentos/runs/E1_v1_20260321_063715/scripts/run_e1_ridge.py | AI3: Experimentos/runs/E1_v1_20260321_063715/parametros_run.json | AJ3: Experimentos/runs/E1_v1_20260321_063715/metricas_horizonte.json | AK3: 2026-03-21 06:37:15
A4: 2026-03-21 06:37:15 | B4: E1_v1 | C4: E1 | D4: lineal | E4: RidgeCV | F4: 3 | G4: nivel | H4: y_t + lags 1..4 | I4: sentimiento_medios, v5_agua_neto, v5_alumbrado_neto, v5_americo_neto, v5_basura_neto, v5_corrupcion_neto, v5_delitos_neto, v5_morena_neto, v5_obras_neto, v5_prevencion_neto, v5_vialidad_neto | J4: estandarizada | K4: todas | L4: walk-forward_expanding | M4: 2024-10-14 a 2026-03-02 | N4: RidgeCV con 59 features, lags=[1, 2, 3, 4], initial_train_size=40 | O4: 0.35 | P4: 0.25 | Q4: 0.25 | R4: 0.1 | S4: 0.3 | T4: 0.17167648 | U4: 0.15384615 | V4: 0.16666667 | W4: 0.76923077 | X4: 0.065141415 | Y4: 0.1056298 | Z4: 0.13719619 | AA4: 0.84615385 | AB4: 0.83333333 | AC4: corrido | AD4: Retrointegrado desde metricas_horizonte.json para persistir resumen numerico. | AE4: run_e1_ridge.py | AF4: Scripts/Modeling/run_e1_ridge.py | AG4: Experimentos/runs/E1_v1_20260321_063715 | AH4: Experimentos/runs/E1_v1_20260321_063715/scripts/run_e1_ridge.py | AI4: Experimentos/runs/E1_v1_20260321_063715/parametros_run.json | AJ4: Experimentos/runs/E1_v1_20260321_063715/metricas_horizonte.json | AK4: 2026-03-21 06:37:15
A5: 2026-03-21 06:37:15 | B5: E1_v1 | C5: E1 | D5: lineal | E5: RidgeCV | F5: 4 | G5: nivel | H5: y_t + lags 1..4 | I5: sentimiento_medios, v5_agua_neto, v5_alumbrado_neto, v5_americo_neto, v5_basura_neto, v5_corrupcion_neto, v5_delitos_neto, v5_morena_neto, v5_obras_neto, v5_prevencion_neto, v5_vialidad_neto | J5: estandarizada | K5: todas | L5: walk-forward_expanding | M5: 2024-10-14 a 2026-03-02 | N5: RidgeCV con 59 features, lags=[1, 2, 3, 4], initial_train_size=40 | O5: 0.35 | P5: 0.25 | Q5: 0.25 | R5: 0.1 | S5: 0.15 | T5: 0.16576782 | U5: 0.28 | V5: 0.2 | W5: 0.72 | X5: 0.037502811 | Y5: 0.1019943 | Z5: 0.13564279 | AA5: 0.72 | AB5: 0.8 | AC5: corrido | AD5: Retrointegrado desde metricas_horizonte.json para persistir resumen numerico. | AE5: run_e1_ridge.py | AF5: Scripts/Modeling/run_e1_ridge.py | AG5: Experimentos/runs/E1_v1_20260321_063715 | AH5: Experimentos/runs/E1_v1_20260321_063715/scripts/run_e1_ridge.py | AI5: Experimentos/runs/E1_v1_20260321_063715/parametros_run.json | AJ5: Experimentos/runs/E1_v1_20260321_063715/metricas_horizonte.json | AK5: 2026-03-21 06:37:15
B6: E2_v1 | C6: E2 | D6: robusto | E6: Huber Regressor | F6: 1 | H6: lags IAD, MA, momentum | I6: indices tematicos / sentimiento | J6: robusta | K6: todas | L6: walk-forward | O6: =CONFIG_REFERENCIA!$E$3 | P6: =CONFIG_REFERENCIA!$E$4 | Q6: =CONFIG_REFERENCIA!$E$5 | R6: =CONFIG_REFERENCIA!$E$6 | S6: =IF($F6="","",INDEX(CONFIG_REFERENCIA!$B$3:$B$6,MATCH($F6,CONFIG_REFERENCIA!$A$3:$A$6,0))) | X6: =IF(COUNTA($T6:$W6)<4,"",$S6*($O6*$T6+$P6*$U6+$Q6*$V6+$R6*$W6)) | AC6: pendiente
B7: E2_v1 | C7: E2 | D7: robusto | E7: Huber Regressor | F7: 2 | H7: lags IAD, MA, momentum | I7: indices tematicos / sentimiento | J7: robusta | K7: todas | L7: walk-forward | O7: =CONFIG_REFERENCIA!$E$3 | P7: =CONFIG_REFERENCIA!$E$4 | Q7: =CONFIG_REFERENCIA!$E$5 | R7: =CONFIG_REFERENCIA!$E$6 | S7: =IF($F7="","",INDEX(CONFIG_REFERENCIA!$B$3:$B$6,MATCH($F7,CONFIG_REFERENCIA!$A$3:$A$6,0))) | X7: =IF(COUNTA($T7:$W7)<4,"",$S7*($O7*$T7+$P7*$U7+$Q7*$V7+$R7*$W7)) | AC7: pendiente
B8: E2_v1 | C8: E2 | D8: robusto | E8: Huber Regressor | F8: 3 | H8: lags IAD, MA, momentum | I8: indices tematicos / sentimiento | J8: robusta | K8: todas | L8: walk-forward | O8: =CONFIG_REFERENCIA!$E$3 | P8: =CONFIG_REFERENCIA!$E$4 | Q8: =CONFIG_REFERENCIA!$E$5 | R8: =CONFIG_REFERENCIA!$E$6 | S8: =IF($F8="","",INDEX(CONFIG_REFERENCIA!$B$3:$B$6,MATCH($F8,CONFIG_REFERENCIA!$A$3:$A$6,0))) | X8: =IF(COUNTA($T8:$W8)<4,"",$S8*($O8*$T8+$P8*$U8+$Q8*$V8+$R8*$W8)) | AC8: pendiente
B9: E2_v1 | C9: E2 | D9: robusto | E9: Huber Regressor | F9: 4 | H9: lags IAD, MA, momentum | I9: indices tematicos / sentimiento | J9: robusta | K9: todas | L9: walk-forward | O9: =CONFIG_REFERENCIA!$E$3 | P9: =CONFIG_REFERENCIA!$E$4 | Q9: =CONFIG_REFERENCIA!$E$5 | R9: =CONFIG_REFERENCIA!$E$6 | S9: =IF($F9="","",INDEX(CONFIG_REFERENCIA!$B$3:$B$6,MATCH($F9,CONFIG_REFERENCIA!$A$3:$A$6,0))) | X9: =IF(COUNTA($T9:$W9)<4,"",$S9*($O9*$T9+$P9*$U9+$Q9*$V9+$R9*$W9)) | AC9: pendiente
B10: E3_v1 | C10: E3 | D10: boosting | E10: Random Forest | F10: 1 | H10: lags, MA, volatilidad | I10: variables tematicas | J10: original | K10: importancia_arboles | L10: walk-forward | O10: =CONFIG_REFERENCIA!$E$3 | P10: =CONFIG_REFERENCIA!$E$4 | Q10: =CONFIG_REFERENCIA!$E$5 | R10: =CONFIG_REFERENCIA!$E$6 | S10: =IF($F10="","",INDEX(CONFIG_REFERENCIA!$B$3:$B$6,MATCH($F10,CONFIG_REFERENCIA!$A$3:$A$6,0))) | X10: =IF(COUNTA($T10:$W10)<4,"",$S10*($O10*$T10+$P10*$U10+$Q10*$V10+$R10*$W10)) | AC10: pendiente
B11: E3_v1 | C11: E3 | D11: boosting | E11: Random Forest | F11: 2 | H11: lags, MA, volatilidad | I11: variables tematicas | J11: original | K11: importancia_arboles | L11: walk-forward | O11: =CONFIG_REFERENCIA!$E$3 | P11: =CONFIG_REFERENCIA!$E$4 | Q11: =CONFIG_REFERENCIA!$E$5 | R11: =CONFIG_REFERENCIA!$E$6 | S11: =IF($F11="","",INDEX(CONFIG_REFERENCIA!$B$3:$B$6,MATCH($F11,CONFIG_REFERENCIA!$A$3:$A$6,0))) | X11: =IF(COUNTA($T11:$W11)<4,"",$S11*($O11*$T11+$P11*$U11+$Q11*$V11+$R11*$W11)) | AC11: pendiente
B12: E3_v1 | C12: E3 | D12: boosting | E12: Random Forest | F12: 3 | H12: lags, MA, volatilidad | I12: variables tematicas | J12: original | K12: importancia_arboles | L12: walk-forward | O12: =CONFIG_REFERENCIA!$E$3 | P12: =CONFIG_REFERENCIA!$E$4 | Q12: =CONFIG_REFERENCIA!$E$5 | R12: =CONFIG_REFERENCIA!$E$6 | S12: =IF($F12="","",INDEX(CONFIG_REFERENCIA!$B$3:$B$6,MATCH($F12,CONFIG_REFERENCIA!$A$3:$A$6,0))) | X12: =IF(COUNTA($T12:$W12)<4,"",$S12*($O12*$T12+$P12*$U12+$Q12*$V12+$R12*$W12)) | AC12: pendiente
B13: E3_v1 | C13: E3 | D13: boosting | E13: Random Forest | F13: 4 | H13: lags, MA, volatilidad | I13: variables tematicas | J13: original | K13: importancia_arboles | L13: walk-forward | O13: =CONFIG_REFERENCIA!$E$3 | P13: =CONFIG_REFERENCIA!$E$4 | Q13: =CONFIG_REFERENCIA!$E$5 | R13: =CONFIG_REFERENCIA!$E$6 | S13: =IF($F13="","",INDEX(CONFIG_REFERENCIA!$B$3:$B$6,MATCH($F13,CONFIG_REFERENCIA!$A$3:$A$6,0))) | X13: =IF(COUNTA($T13:$W13)<4,"",$S13*($O13*$T13+$P13*$U13+$Q13*$V13+$R13*$W13)) | AC13: pendiente
B14: E4_v1 | C14: E4 | D14: boosting | E14: XGBoost / LightGBM | F14: 1 | H14: lags, MA, volatilidad | I14: variables tematicas | J14: original | K14: importancia_arboles | L14: walk-forward | O14: =CONFIG_REFERENCIA!$E$3 | P14: =CONFIG_REFERENCIA!$E$4 | Q14: =CONFIG_REFERENCIA!$E$5 | R14: =CONFIG_REFERENCIA!$E$6 | S14: =IF($F14="","",INDEX(CONFIG_REFERENCIA!$B$3:$B$6,MATCH($F14,CONFIG_REFERENCIA!$A$3:$A$6,0))) | X14: =IF(COUNTA($T14:$W14)<4,"",$S14*($O14*$T14+$P14*$U14+$Q14*$V14+$R14*$W14)) | AC14: pendiente
B15: E4_v1 | C15: E4 | D15: boosting | E15: XGBoost / LightGBM | F15: 2 | H15: lags, MA, volatilidad | I15: variables tematicas | J15: original | K15: importancia_arboles | L15: walk-forward | O15: =CONFIG_REFERENCIA!$E$3 | P15: =CONFIG_REFERENCIA!$E$4 | Q15: =CONFIG_REFERENCIA!$E$5 | R15: =CONFIG_REFERENCIA!$E$6 | S15: =IF($F15="","",INDEX(CONFIG_REFERENCIA!$B$3:$B$6,MATCH($F15,CONFIG_REFERENCIA!$A$3:$A$6,0))) | X15: =IF(COUNTA($T15:$W15)<4,"",$S15*($O15*$T15+$P15*$U15+$Q15*$V15+$R15*$W15)) | AC15: pendiente
B16: E4_v1 | C16: E4 | D16: boosting | E16: XGBoost / LightGBM | F16: 3 | H16: lags, MA, volatilidad | I16: variables tematicas | J16: original | K16: importancia_arboles | L16: walk-forward | O16: =CONFIG_REFERENCIA!$E$3 | P16: =CONFIG_REFERENCIA!$E$4 | Q16: =CONFIG_REFERENCIA!$E$5 | R16: =CONFIG_REFERENCIA!$E$6 | S16: =IF($F16="","",INDEX(CONFIG_REFERENCIA!$B$3:$B$6,MATCH($F16,CONFIG_REFERENCIA!$A$3:$A$6,0))) | X16: =IF(COUNTA($T16:$W16)<4,"",$S16*($O16*$T16+$P16*$U16+$Q16*$V16+$R16*$W16)) | AC16: pendiente
B17: E4_v1 | C17: E4 | D17: boosting | E17: XGBoost / LightGBM | F17: 4 | H17: lags, MA, volatilidad | I17: variables tematicas | J17: original | K17: importancia_arboles | L17: walk-forward | O17: =CONFIG_REFERENCIA!$E$3 | P17: =CONFIG_REFERENCIA!$E$4 | Q17: =CONFIG_REFERENCIA!$E$5 | R17: =CONFIG_REFERENCIA!$E$6 | S17: =IF($F17="","",INDEX(CONFIG_REFERENCIA!$B$3:$B$6,MATCH($F17,CONFIG_REFERENCIA!$A$3:$A$6,0))) | X17: =IF(COUNTA($T17:$W17)<4,"",$S17*($O17*$T17+$P17*$U17+$Q17*$V17+$R17*$W17)) | AC17: pendiente
... B41: E10_v1 | C41: E10 | D41: ensemble | E41: Mejor modelo por horizonte + ensemble | F41: 4 | H41: ganadores por horizonte | I41: senales complementarias | J41: original | K41: todas | L41: walk-forward | O41: =CONFIG_REFERENCIA!$E$3 | P41: =CONFIG_REFERENCIA!$E$4 | Q41: =CONFIG_REFERENCIA!$E$5 | R41: =CONFIG_REFERENCIA!$E$6 | S41: =IF($F41="","",INDEX(CONFIG_REFERENCIA!$B$3:$B$6,MATCH($F41,CONFIG_REFERENCIA!$A$3:$A$6,0))) | X41: =IF(COUNTA($T41:$W41)<4,"",$S41*($O41*$T41+$P41*$U41+$Q41*$V41+$R41*$W41)) | AC41: pendiente
O42: =CONFIG_REFERENCIA!$E$3 | P42: =CONFIG_REFERENCIA!$E$4 | Q42: =CONFIG_REFERENCIA!$E$5 | R42: =CONFIG_REFERENCIA!$E$6 | S42: =IF($F42="","",INDEX(CONFIG_REFERENCIA!$B$3:$B$6,MATCH($F42,CONFIG_REFERENCIA!$A$3:$A$6,0))) | X42: =IF(COUNTA($T42:$W42)<4,"",$S42*($O42*$T42+$P42*$U42+$Q42*$V42+$R42*$W42))
O43: =CONFIG_REFERENCIA!$E$3 | P43: =CONFIG_REFERENCIA!$E$4 | Q43: =CONFIG_REFERENCIA!$E$5 | R43: =CONFIG_REFERENCIA!$E$6 | S43: =IF($F43="","",INDEX(CONFIG_REFERENCIA!$B$3:$B$6,MATCH($F43,CONFIG_REFERENCIA!$A$3:$A$6,0))) | X43: =IF(COUNTA($T43:$W43)<4,"",$S43*($O43*$T43+$P43*$U43+$Q43*$V43+$R43*$W43))
O44: =CONFIG_REFERENCIA!$E$3 | P44: =CONFIG_REFERENCIA!$E$4 | Q44: =CONFIG_REFERENCIA!$E$5 | R44: =CONFIG_REFERENCIA!$E$6 | S44: =IF($F44="","",INDEX(CONFIG_REFERENCIA!$B$3:$B$6,MATCH($F44,CONFIG_REFERENCIA!$A$3:$A$6,0))) | X44: =IF(COUNTA($T44:$W44)<4,"",$S44*($O44*$T44+$P44*$U44+$Q44*$V44+$R44*$W44))
O45: =CONFIG_REFERENCIA!$E$3 | P45: =CONFIG_REFERENCIA!$E$4 | Q45: =CONFIG_REFERENCIA!$E$5 | R45: =CONFIG_REFERENCIA!$E$6 | S45: =IF($F45="","",INDEX(CONFIG_REFERENCIA!$B$3:$B$6,MATCH($F45,CONFIG_REFERENCIA!$A$3:$A$6,0))) | X45: =IF(COUNTA($T45:$W45)<4,"",$S45*($O45*$T45+$P45*$U45+$Q45*$V45+$R45*$W45))
O46: =CONFIG_REFERENCIA!$E$3 | P46: =CONFIG_REFERENCIA!$E$4 | Q46: =CONFIG_REFERENCIA!$E$5 | R46: =CONFIG_REFERENCIA!$E$6 | S46: =IF($F46="","",INDEX(CONFIG_REFERENCIA!$B$3:$B$6,MATCH($F46,CONFIG_REFERENCIA!$A$3:$A$6,0))) | X46: =IF(COUNTA($T46:$W46)<4,"",$S46*($O46*$T46+$P46*$U46+$Q46*$V46+$R46*$W46))
O47: =CONFIG_REFERENCIA!$E$3 | P47: =CONFIG_REFERENCIA!$E$4 | Q47: =CONFIG_REFERENCIA!$E$5 | R47: =CONFIG_REFERENCIA!$E$6 | S47: =IF($F47="","",INDEX(CONFIG_REFERENCIA!$B$3:$B$6,MATCH($F47,CONFIG_REFERENCIA!$A$3:$A$6,0))) | X47: =IF(COUNTA($T47:$W47)<4,"",$S47*($O47*$T47+$P47*$U47+$Q47*$V47+$R47*$W47))
O48: =CONFIG_REFERENCIA!$E$3 | P48: =CONFIG_REFERENCIA!$E$4 | Q48: =CONFIG_REFERENCIA!$E$5 | R48: =CONFIG_REFERENCIA!$E$6 | S48: =IF($F48="","",INDEX(CONFIG_REFERENCIA!$B$3:$B$6,MATCH($F48,CONFIG_REFERENCIA!$A$3:$A$6,0))) | X48: =IF(COUNTA($T48:$W48)<4,"",$S48*($O48*$T48+$P48*$U48+$Q48*$V48+$R48*$W48))
O49: =CONFIG_REFERENCIA!$E$3 | P49: =CONFIG_REFERENCIA!$E$4 | Q49: =CONFIG_REFERENCIA!$E$5 | R49: =CONFIG_REFERENCIA!$E$6 | S49: =IF($F49="","",INDEX(CONFIG_REFERENCIA!$B$3:$B$6,MATCH($F49,CONFIG_REFERENCIA!$A$3:$A$6,0))) | X49: =IF(COUNTA($T49:$W49)<4,"",$S49*($O49*$T49+$P49*$U49+$Q49*$V49+$R49*$W49))
O50: =CONFIG_REFERENCIA!$E$3 | P50: =CONFIG_REFERENCIA!$E$4 | Q50: =CONFIG_REFERENCIA!$E$5 | R50: =CONFIG_REFERENCIA!$E$6 | S50: =IF($F50="","",INDEX(CONFIG_REFERENCIA!$B$3:$B$6,MATCH($F50,CONFIG_REFERENCIA!$A$3:$A$6,0))) | X50: =IF(COUNTA($T50:$W50)<4,"",$S50*($O50*$T50+$P50*$U50+$Q50*$V50+$R50*$W50))
O51: =CONFIG_REFERENCIA!$E$3 | P51: =CONFIG_REFERENCIA!$E$4 | Q51: =CONFIG_REFERENCIA!$E$5 | R51: =CONFIG_REFERENCIA!$E$6 | S51: =IF($F51="","",INDEX(CONFIG_REFERENCIA!$B$3:$B$6,MATCH($F51,CONFIG_REFERENCIA!$A$3:$A$6,0))) | X51: =IF(COUNTA($T51:$W51)<4,"",$S51*($O51*$T51+$P51*$U51+$Q51*$V51+$R51*$W51))
O52: =CONFIG_REFERENCIA!$E$3 | P52: =CONFIG_REFERENCIA!$E$4 | Q52: =CONFIG_REFERENCIA!$E$5 | R52: =CONFIG_REFERENCIA!$E$6 | S52: =IF($F52="","",INDEX(CONFIG_REFERENCIA!$B$3:$B$6,MATCH($F52,CONFIG_REFERENCIA!$A$3:$A$6,0))) | X52: =IF(COUNTA($T52:$W52)<4,"",$S52*($O52*$T52+$P52*$U52+$Q52*$V52+$R52*$W52))
O53: =CONFIG_REFERENCIA!$E$3 | P53: =CONFIG_REFERENCIA!$E$4 | Q53: =CONFIG_REFERENCIA!$E$5 | R53: =CONFIG_REFERENCIA!$E$6 | S53: =IF($F53="","",INDEX(CONFIG_REFERENCIA!$B$3:$B$6,MATCH($F53,CONFIG_REFERENCIA!$A$3:$A$6,0))) | X53: =IF(COUNTA($T53:$W53)<4,"",$S53*($O53*$T53+$P53*$U53+$Q53*$V53+$R53*$W53))
... O141: =CONFIG_REFERENCIA!$E$3 | P141: =CONFIG_REFERENCIA!$E$4 | Q141: =CONFIG_REFERENCIA!$E$5 | R141: =CONFIG_REFERENCIA!$E$6 | S141: =IF($F141="","",INDEX(CONFIG_REFERENCIA!$B$3:$B$6,MATCH($F141,CONFIG_REFERENCIA!$A$3:$A$6,0))) | X141: =IF(COUNTA($T141:$W141)<4,"",$S141*($O141*$T141+$P141*$U141+$Q141*$V141+$R141*$W141))
A142: 2026-03-21 08:39:22 | B142: E1_v2 | C142: E1 | D142: lineal_regularizado | E142: RidgeCV | F142: 1 | G142: nivel | H142: y_t + lags [1, 2, 3, 4] | I142: sentimiento_medios, v5_agua_neto, v5_alumbrado_neto, v5_americo_neto, v5_basura_neto, v5_corrupcion_neto, v5_delitos_neto, v5_morena_neto, v5_obras_neto, v5_prevencion_neto, v5_vialidad_neto | J142: standard_scaler | K142: all | L142: walk-forward_expanding | M142: 2024-10-14 a 2026-03-02 | N142: {"feature_candidates": 59, "feature_mode": "all", "horizon": 1, "initial_train_size": 40, "lags": [1, 2, 3, 4], "model": "RidgeCV", "model_params": {"alphas": [0.0001, 0.00015848931924611142, 0.00025118864315095795, 0.00039810717055349735, 0.000630957344480193, 0.001, 0.001584893192461114, 0.002511886431509582, 0.003981071705534973, 0.006309573444801929, 0.01, 0.01584893192461114, 0.025118864315095822, 0.039810717055349734, 0.06309573444801936, 0.1, 0.1584893192461114, 0.25118864315095824, 0.3981071705534973, 0.6309573444801936, 1.0, 1.584893192461114, 2.5118864315095824, 3.9810717055349776, 6.309573444801943, 10.0, 15.848931924611142, 25.11886431509582, 39.81071705534978, 63.09573444801943, 100.0, 158.48931924611142, 251.18864315095823, 398.1071705534977, 630.9573444801943, 1000.0, 1584.893192461114, 2511.886431509582, 3981.0717055349774, 6309.573444801943, 10000.0], "transform_mode": "standard", "winsor_lower_quantile": 0.05, "winsor_upper_quantile": 0.95}, "rows_eval": 28, "rows_modeling": 68, "selected_feature_count_avg": 59.0, "target_mode": "nivel", "transform_mode": "standard"} | O142: 0.35 | P142: 0.25 | Q142: 0.25 | R142: 0.1 | S142: 0.3 | T142: 0.17637742 | U142: 0.17857143 | V142: 0.23076923 | W142: 0.78571429 | X142: 0.072791607 | Y142: 0.10852222 | Z142: 0.13647812 | AA142: 0.82142857 | AB142: 0.76923077 | AC142: corrido | AD142: Familia lineal regularizada con RidgeCV | transform_mode=standard. | AE142: run_e1_ridge.py | AF142: Scripts/Modeling/run_e1_ridge.py | AG142: Experimentos/runs/E1_v2_20260321_083922 | AH142: Experimentos/runs/E1_v2_20260321_083922/scripts/run_e1_ridge.py | AI142: Experimentos/runs/E1_v2_20260321_083922/parametros_run.json | AJ142: Experimentos/runs/E1_v2_20260321_083922/metricas_horizonte.json | AK142: 2026-03-21 08:39:22
A143: 2026-03-21 08:39:22 | B143: E1_v2 | C143: E1 | D143: lineal_regularizado | E143: RidgeCV | F143: 2 | G143: nivel | H143: y_t + lags [1, 2, 3, 4] | I143: sentimiento_medios, v5_agua_neto, v5_alumbrado_neto, v5_americo_neto, v5_basura_neto, v5_corrupcion_neto, v5_delitos_neto, v5_morena_neto, v5_obras_neto, v5_prevencion_neto, v5_vialidad_neto | J143: standard_scaler | K143: all | L143: walk-forward_expanding | M143: 2024-10-14 a 2026-03-02 | N143: {"feature_candidates": 59, "feature_mode": "all", "horizon": 2, "initial_train_size": 40, "lags": [1, 2, 3, 4], "model": "RidgeCV", "model_params": {"alphas": [0.0001, 0.00015848931924611142, 0.00025118864315095795, 0.00039810717055349735, 0.000630957344480193, 0.001, 0.001584893192461114, 0.002511886431509582, 0.003981071705534973, 0.006309573444801929, 0.01, 0.01584893192461114, 0.025118864315095822, 0.039810717055349734, 0.06309573444801936, 0.1, 0.1584893192461114, 0.25118864315095824, 0.3981071705534973, 0.6309573444801936, 1.0, 1.584893192461114, 2.5118864315095824, 3.9810717055349776, 6.309573444801943, 10.0, 15.848931924611142, 25.11886431509582, 39.81071705534978, 63.09573444801943, 100.0, 158.48931924611142, 251.18864315095823, 398.1071705534977, 630.9573444801943, 1000.0, 1584.893192461114, 2511.886431509582, 3981.0717055349774, 6309.573444801943, 10000.0], "transform_mode": "standard", "winsor_lower_quantile": 0.05, "winsor_upper_quantile": 0.95}, "rows_eval": 27, "rows_modeling": 67, "selected_feature_count_avg": 59.0, "target_mode": "nivel", "transform_mode": "standard"} | O143: 0.35 | P143: 0.25 | Q143: 0.25 | R143: 0.1 | S143: 0.25 | T143: 0.1677302 | U143: 0.40740741 | V143: 0.41666667 | W143: 0.77777778 | X143: 0.085625466 | Y143: 0.10320172 | Z143: 0.13166084 | AA143: 0.59259259 | AB143: 0.58333333 | AC143: corrido | AD143: Familia lineal regularizada con RidgeCV | transform_mode=standard. | AE143: run_e1_ridge.py | AF143: Scripts/Modeling/run_e1_ridge.py | AG143: Experimentos/runs/E1_v2_20260321_083922 | AH143: Experimentos/runs/E1_v2_20260321_083922/scripts/run_e1_ridge.py | AI143: Experimentos/runs/E1_v2_20260321_083922/parametros_run.json | AJ143: Experimentos/runs/E1_v2_20260321_083922/metricas_horizonte.json | AK143: 2026-03-21 08:39:22
A144: 2026-03-21 08:39:22 | B144: E1_v2 | C144: E1 | D144: lineal_regularizado | E144: RidgeCV | F144: 3 | G144: nivel | H144: y_t + lags [1, 2, 3, 4] | I144: sentimiento_medios, v5_agua_neto, v5_alumbrado_neto, v5_americo_neto, v5_basura_neto, v5_corrupcion_neto, v5_delitos_neto, v5_morena_neto, v5_obras_neto, v5_prevencion_neto, v5_vialidad_neto | J144: standard_scaler | K144: all | L144: walk-forward_expanding | M144: 2024-10-14 a 2026-03-02 | N144: {"feature_candidates": 59, "feature_mode": "all", "horizon": 3, "initial_train_size": 40, "lags": [1, 2, 3, 4], "model": "RidgeCV", "model_params": {"alphas": [0.0001, 0.00015848931924611142, 0.00025118864315095795, 0.00039810717055349735, 0.000630957344480193, 0.001, 0.001584893192461114, 0.002511886431509582, 0.003981071705534973, 0.006309573444801929, 0.01, 0.01584893192461114, 0.025118864315095822, 0.039810717055349734, 0.06309573444801936, 0.1, 0.1584893192461114, 0.25118864315095824, 0.3981071705534973, 0.6309573444801936, 1.0, 1.584893192461114, 2.5118864315095824, 3.9810717055349776, 6.309573444801943, 10.0, 15.848931924611142, 25.11886431509582, 39.81071705534978, 63.09573444801943, 100.0, 158.48931924611142, 251.18864315095823, 398.1071705534977, 630.9573444801943, 1000.0, 1584.893192461114, 2511.886431509582, 3981.0717055349774, 6309.573444801943, 10000.0], "transform_mode": "standard", "winsor_lower_quantile": 0.05, "winsor_upper_quantile": 0.95}, "rows_eval": 26, "rows_modeling": 66, "selected_feature_count_avg": 59.0, "target_mode": "nivel", "transform_mode": "standard"} | O144: 0.35 | P144: 0.25 | Q144: 0.25 | R144: 0.1 | S144: 0.3 | T144: 0.17167648 | U144: 0.15384615 | V144: 0.16666667 | W144: 0.76923077 | X144: 0.065141415 | Y144: 0.1056298 | Z144: 0.13719619 | AA144: 0.84615385 | AB144: 0.83333333 | AC144: corrido | AD144: Familia lineal regularizada con RidgeCV | transform_mode=standard. | AE144: run_e1_ridge.py | AF144: Scripts/Modeling/run_e1_ridge.py | AG144: Experimentos/runs/E1_v2_20260321_083922 | AH144: Experimentos/runs/E1_v2_20260321_083922/scripts/run_e1_ridge.py | AI144: Experimentos/runs/E1_v2_20260321_083922/parametros_run.json | AJ144: Experimentos/runs/E1_v2_20260321_083922/metricas_horizonte.json | AK144: 2026-03-21 08:39:22
A145: 2026-03-21 08:39:22 | B145: E1_v2 | C145: E1 | D145: lineal_regularizado | E145: RidgeCV | F145: 4 | G145: nivel | H145: y_t + lags [1, 2, 3, 4] | I145: sentimiento_medios, v5_agua_neto, v5_alumbrado_neto, v5_americo_neto, v5_basura_neto, v5_corrupcion_neto, v5_delitos_neto, v5_morena_neto, v5_obras_neto, v5_prevencion_neto, v5_vialidad_neto | J145: standard_scaler | K145: all | L145: walk-forward_expanding | M145: 2024-10-14 a 2026-03-02 | N145: {"feature_candidates": 59, "feature_mode": "all", "horizon": 4, "initial_train_size": 40, "lags": [1, 2, 3, 4], "model": "RidgeCV", "model_params": {"alphas": [0.0001, 0.00015848931924611142, 0.00025118864315095795, 0.00039810717055349735, 0.000630957344480193, 0.001, 0.001584893192461114, 0.002511886431509582, 0.003981071705534973, 0.006309573444801929, 0.01, 0.01584893192461114, 0.025118864315095822, 0.039810717055349734, 0.06309573444801936, 0.1, 0.1584893192461114, 0.25118864315095824, 0.3981071705534973, 0.6309573444801936, 1.0, 1.584893192461114, 2.5118864315095824, 3.9810717055349776, 6.309573444801943, 10.0, 15.848931924611142, 25.11886431509582, 39.81071705534978, 63.09573444801943, 100.0, 158.48931924611142, 251.18864315095823, 398.1071705534977, 630.9573444801943, 1000.0, 1584.893192461114, 2511.886431509582, 3981.0717055349774, 6309.573444801943, 10000.0], "transform_mode": "standard", "winsor_lower_quantile": 0.05, "winsor_upper_quantile": 0.95}, "rows_eval": 25, "rows_modeling": 65, "selected_feature_count_avg": 59.0, "target_mode": "nivel", "transform_mode": "standard"} | O145: 0.35 | P145: 0.25 | Q145: 0.25 | R145: 0.1 | S145: 0.15 | T145: 0.16576782 | U145: 0.28 | V145: 0.2 | W145: 0.72 | X145: 0.037502811 | Y145: 0.1019943 | Z145: 0.13564279 | AA145: 0.72 | AB145: 0.8 | AC145: corrido | AD145: Familia lineal regularizada con RidgeCV | transform_mode=standard. | AE145: run_e1_ridge.py | AF145: Scripts/Modeling/run_e1_ridge.py | AG145: Experimentos/runs/E1_v2_20260321_083922 | AH145: Experimentos/runs/E1_v2_20260321_083922/scripts/run_e1_ridge.py | AI145: Experimentos/runs/E1_v2_20260321_083922/parametros_run.json | AJ145: Experimentos/runs/E1_v2_20260321_083922/metricas_horizonte.json | AK145: 2026-03-21 08:39:22
A146: 2026-03-21 09:42:41 | B146: E1_v2_clean | C146: E1 | D146: lineal_regularizado | E146: ridge_tscv | F146: 1 | G146: nivel | H146: y_t + lags [1, 2, 3, 4] | I146: sentimiento_medios, v5_agua_neto, v5_alumbrado_neto, v5_americo_neto, v5_basura_neto, v5_corrupcion_neto, v5_delitos_neto, v5_morena_neto, v5_obras_neto, v5_prevencion_neto, v5_vialidad_neto | J146: standard_scaler | K146: all | L146: walk-forward_expanding | M146: 2024-10-14 a 2026-03-02 | N146: {"feature_candidates": 59, "feature_mode": "all", "horizon": 1, "initial_train_size": 40, "lags": [1, 2, 3, 4], "model": "ridge_tscv", "model_params": {"alpha_grid": [0.0001, 0.0001603718743751331, 0.00025719138090593444, 0.0004124626382901352, 0.0006614740641230146, 0.0010608183551394483, 0.0017012542798525892, 0.0027283333764867696, 0.004375479375074184, 0.007017038286703823, 0.011253355826007646, 0.018047217668271703, 0.028942661247167517, 0.046415888336127774, 0.07443803013251689, 0.11937766417144358, 0.19144819761699575, 0.30702906297578497, 0.49238826317067363, 0.7896522868499725, 1.266380173467402, 2.030917620904735, 3.257020655659783, 5.2233450742668435, 8.376776400682925, 13.433993325988988, 21.54434690031882, 34.55107294592218, 55.41020330009492, 88.86238162743408, 142.51026703029962, 228.54638641349882, 366.5241237079626, 587.8016072274912, 942.6684551178854, 1511.77507061566, 2424.462017082326, 3888.155180308085, 6235.507341273912, 10000.0], "alpha_selection_metric": "mae", "inner_splits": 3, "transform_mode": "standard", "winsor_lower_quantile": 0.05, "winsor_upper_quantile": 0.95}, "rows_eval": 28, "rows_modeling": 68, "selected_feature_count_avg": 59.0, "target_mode": "nivel", "transform_mode": "standard"} | O146: 0.35 | P146: 0.25 | Q146: 0.25 | R146: 0.1 | S146: 0.3 | T146: 0.17686098 | U146: 0.17857143 | V146: 0.23076923 | W146: 0.85714286 | X146: 0.074985238 | Y146: 0.10881974 | Z146: 0.13402141 | AA146: 0.82142857 | AB146: 0.76923077 | AC146: corrido | AD146: Ridge limpio con tuning temporal interno | metric=mae | inner_splits=3 | AE146: run_e1_ridge_clean.py | AF146: Scripts/Modeling/run_e1_ridge_clean.py | AG146: Experimentos/runs/E1_v2_clean_20260321_094241 | AH146: Experimentos/runs/E1_v2_clean_20260321_094241/scripts/run_e1_ridge_clean.py | AI146: Experimentos/runs/E1_v2_clean_20260321_094241/parametros_run.json | AJ146: Experimentos/runs/E1_v2_clean_20260321_094241/metricas_horizonte.json | AK146: 2026-03-21 09:42:41
A147: 2026-03-21 09:42:41 | B147: E1_v2_clean | C147: E1 | D147: lineal_regularizado | E147: ridge_tscv | F147: 2 | G147: nivel | H147: y_t + lags [1, 2, 3, 4] | I147: sentimiento_medios, v5_agua_neto, v5_alumbrado_neto, v5_americo_neto, v5_basura_neto, v5_corrupcion_neto, v5_delitos_neto, v5_morena_neto, v5_obras_neto, v5_prevencion_neto, v5_vialidad_neto | J147: standard_scaler | K147: all | L147: walk-forward_expanding | M147: 2024-10-14 a 2026-03-02 | N147: {"feature_candidates": 59, "feature_mode": "all", "horizon": 2, "initial_train_size": 40, "lags": [1, 2, 3, 4], "model": "ridge_tscv", "model_params": {"alpha_grid": [0.0001, 0.0001603718743751331, 0.00025719138090593444, 0.0004124626382901352, 0.0006614740641230146, 0.0010608183551394483, 0.0017012542798525892, 0.0027283333764867696, 0.004375479375074184, 0.007017038286703823, 0.011253355826007646, 0.018047217668271703, 0.028942661247167517, 0.046415888336127774, 0.07443803013251689, 0.11937766417144358, 0.19144819761699575, 0.30702906297578497, 0.49238826317067363, 0.7896522868499725, 1.266380173467402, 2.030917620904735, 3.257020655659783, 5.2233450742668435, 8.376776400682925, 13.433993325988988, 21.54434690031882, 34.55107294592218, 55.41020330009492, 88.86238162743408, 142.51026703029962, 228.54638641349882, 366.5241237079626, 587.8016072274912, 942.6684551178854, 1511.77507061566, 2424.462017082326, 3888.155180308085, 6235.507341273912, 10000.0], "alpha_selection_metric": "mae", "inner_splits": 3, "transform_mode": "standard", "winsor_lower_quantile": 0.05, "winsor_upper_quantile": 0.95}, "rows_eval": 27, "rows_modeling": 67, "selected_feature_count_avg": 59.0, "target_mode": "nivel", "transform_mode": "standard"} | O147: 0.35 | P147: 0.25 | Q147: 0.25 | R147: 0.1 | S147: 0.25 | T147: 0.16499158 | U147: 0.40740741 | V147: 0.41666667 | W147: 0.74074074 | X147: 0.084459912 | Y147: 0.10151669 | Z147: 0.12902048 | AA147: 0.59259259 | AB147: 0.58333333 | AC147: corrido | AD147: Ridge limpio con tuning temporal interno | metric=mae | inner_splits=3 | AE147: run_e1_ridge_clean.py | AF147: Scripts/Modeling/run_e1_ridge_clean.py | AG147: Experimentos/runs/E1_v2_clean_20260321_094241 | AH147: Experimentos/runs/E1_v2_clean_20260321_094241/scripts/run_e1_ridge_clean.py | AI147: Experimentos/runs/E1_v2_clean_20260321_094241/parametros_run.json | AJ147: Experimentos/runs/E1_v2_clean_20260321_094241/metricas_horizonte.json | AK147: 2026-03-21 09:42:41
A148: 2026-03-21 09:42:41 | B148: E1_v2_clean | C148: E1 | D148: lineal_regularizado | E148: ridge_tscv | F148: 3 | G148: nivel | H148: y_t + lags [1, 2, 3, 4] | I148: sentimiento_medios, v5_agua_neto, v5_alumbrado_neto, v5_americo_neto, v5_basura_neto, v5_corrupcion_neto, v5_delitos_neto, v5_morena_neto, v5_obras_neto, v5_prevencion_neto, v5_vialidad_neto | J148: standard_scaler | K148: all | L148: walk-forward_expanding | M148: 2024-10-14 a 2026-03-02 | N148: {"feature_candidates": 59, "feature_mode": "all", "horizon": 3, "initial_train_size": 40, "lags": [1, 2, 3, 4], "model": "ridge_tscv", "model_params": {"alpha_grid": [0.0001, 0.0001603718743751331, 0.00025719138090593444, 0.0004124626382901352, 0.0006614740641230146, 0.0010608183551394483, 0.0017012542798525892, 0.0027283333764867696, 0.004375479375074184, 0.007017038286703823, 0.011253355826007646, 0.018047217668271703, 0.028942661247167517, 0.046415888336127774, 0.07443803013251689, 0.11937766417144358, 0.19144819761699575, 0.30702906297578497, 0.49238826317067363, 0.7896522868499725, 1.266380173467402, 2.030917620904735, 3.257020655659783, 5.2233450742668435, 8.376776400682925, 13.433993325988988, 21.54434690031882, 34.55107294592218, 55.41020330009492, 88.86238162743408, 142.51026703029962, 228.54638641349882, 366.5241237079626, 587.8016072274912, 942.6684551178854, 1511.77507061566, 2424.462017082326, 3888.155180308085, 6235.507341273912, 10000.0], "alpha_selection_metric": "mae", "inner_splits": 3, "transform_mode": "standard", "winsor_lower_quantile": 0.05, "winsor_upper_quantile": 0.95}, "rows_eval": 26, "rows_modeling": 66, "selected_feature_count_avg": 59.0, "target_mode": "nivel", "transform_mode": "standard"} | O148: 0.35 | P148: 0.25 | Q148: 0.25 | R148: 0.1 | S148: 0.3 | T148: 0.16369718 | U148: 0.15384615 | V148: 0.16666667 | W148: 0.76923077 | X148: 0.064303588 | Y148: 0.10072026 | Z148: 0.13035148 | AA148: 0.84615385 | AB148: 0.83333333 | AC148: corrido | AD148: Ridge limpio con tuning temporal interno | metric=mae | inner_splits=3 | AE148: run_e1_ridge_clean.py | AF148: Scripts/Modeling/run_e1_ridge_clean.py | AG148: Experimentos/runs/E1_v2_clean_20260321_094241 | AH148: Experimentos/runs/E1_v2_clean_20260321_094241/scripts/run_e1_ridge_clean.py | AI148: Experimentos/runs/E1_v2_clean_20260321_094241/parametros_run.json | AJ148: Experimentos/runs/E1_v2_clean_20260321_094241/metricas_horizonte.json | AK148: 2026-03-21 09:42:41
A149: 2026-03-21 09:42:41 | B149: E1_v2_clean | C149: E1 | D149: lineal_regularizado | E149: ridge_tscv | F149: 4 | G149: nivel | H149: y_t + lags [1, 2, 3, 4] | I149: sentimiento_medios, v5_agua_neto, v5_alumbrado_neto, v5_americo_neto, v5_basura_neto, v5_corrupcion_neto, v5_delitos_neto, v5_morena_neto, v5_obras_neto, v5_prevencion_neto, v5_vialidad_neto | J149: standard_scaler | K149: all | L149: walk-forward_expanding | M149: 2024-10-14 a 2026-03-02 | N149: {"feature_candidates": 59, "feature_mode": "all", "horizon": 4, "initial_train_size": 40, "lags": [1, 2, 3, 4], "model": "ridge_tscv", "model_params": {"alpha_grid": [0.0001, 0.0001603718743751331, 0.00025719138090593444, 0.0004124626382901352, 0.0006614740641230146, 0.0010608183551394483, 0.0017012542798525892, 0.0027283333764867696, 0.004375479375074184, 0.007017038286703823, 0.011253355826007646, 0.018047217668271703, 0.028942661247167517, 0.046415888336127774, 0.07443803013251689, 0.11937766417144358, 0.19144819761699575, 0.30702906297578497, 0.49238826317067363, 0.7896522868499725, 1.266380173467402, 2.030917620904735, 3.257020655659783, 5.2233450742668435, 8.376776400682925, 13.433993325988988, 21.54434690031882, 34.55107294592218, 55.41020330009492, 88.86238162743408, 142.51026703029962, 228.54638641349882, 366.5241237079626, 587.8016072274912, 942.6684551178854, 1511.77507061566, 2424.462017082326, 3888.155180308085, 6235.507341273912, 10000.0], "alpha_selection_metric": "mae", "inner_splits": 3, "transform_mode": "standard", "winsor_lower_quantile": 0.05, "winsor_upper_quantile": 0.95}, "rows_eval": 25, "rows_modeling": 65, "selected_feature_count_avg": 59.0, "target_mode": "nivel", "transform_mode": "standard"} | O149: 0.35 | P149: 0.25 | Q149: 0.25 | R149: 0.1 | S149: 0.15 | T149: 0.16552252 | U149: 0.28 | V149: 0.2 | W149: 0.72 | X149: 0.037489932 | Y149: 0.10184337 | Z149: 0.13551179 | AA149: 0.72 | AB149: 0.8 | AC149: corrido | AD149: Ridge limpio con tuning temporal interno | metric=mae | inner_splits=3 | AE149: run_e1_ridge_clean.py | AF149: Scripts/Modeling/run_e1_ridge_clean.py | AG149: Experimentos/runs/E1_v2_clean_20260321_094241 | AH149: Experimentos/runs/E1_v2_clean_20260321_094241/scripts/run_e1_ridge_clean.py | AI149: Experimentos/runs/E1_v2_clean_20260321_094241/parametros_run.json | AJ149: Experimentos/runs/E1_v2_clean_20260321_094241/metricas_horizonte.json | AK149: 2026-03-21 09:42:41
A150: 2026-03-21 10:32:56 | B150: E1_v3_clean | C150: E1 | D150: lineal_regularizado | E150: ridge_tscv | F150: 1 | G150: delta | H150: y_t + lags [1, 2, 3, 4] | I150: sentimiento_medios, v5_agua_neto, v5_alumbrado_neto, v5_americo_neto, v5_basura_neto, v5_corrupcion_neto, v5_delitos_neto, v5_morena_neto, v5_obras_neto, v5_prevencion_neto, v5_vialidad_neto | J150: standard_scaler | K150: all | L150: walk-forward_expanding | M150: 2024-10-14 a 2026-03-02 | N150: {"feature_candidates": 59, "feature_mode": "all", "horizon": 1, "initial_train_size": 40, "lags": [1, 2, 3, 4], "model": "ridge_tscv", "model_params": {"alpha_grid": [0.0001, 0.0001603718743751331, 0.00025719138090593444, 0.0004124626382901352, 0.0006614740641230146, 0.0010608183551394483, 0.0017012542798525892, 0.0027283333764867696, 0.004375479375074184, 0.007017038286703823, 0.011253355826007646, 0.018047217668271703, 0.028942661247167517, 0.046415888336127774, 0.07443803013251689, 0.11937766417144358, 0.19144819761699575, 0.30702906297578497, 0.49238826317067363, 0.7896522868499725, 1.266380173467402, 2.030917620904735, 3.257020655659783, 5.2233450742668435, 8.376776400682925, 13.433993325988988, 21.54434690031882, 34.55107294592218, 55.41020330009492, 88.86238162743408, 142.51026703029962, 228.54638641349882, 366.5241237079626, 587.8016072274912, 942.6684551178854, 1511.77507061566, 2424.462017082326, 3888.155180308085, 6235.507341273912, 10000.0], "alpha_selection_metric": "mae", "inner_splits": 3, "transform_mode": "standard", "winsor_lower_quantile": 0.05, "winsor_upper_quantile": 0.95}, "rows_eval": 28, "rows_modeling": 68, "selected_feature_count_avg": 59.0, "target_mode": "delta", "transform_mode": "standard"} | O150: 0.35 | P150: 0.25 | Q150: 0.25 | R150: 0.1 | S150: 0.3 | T150: 0.26547687 | U150: 0.71428571 | V150: 0.46153846 | W150: 0.78571429 | X150: 0.13963331 | Y150: 0.16334369 | Z150: 0.20455768 | AA150: 0.28571429 | AB150: 0.53846154 | AC150: corrido | AD150: Ridge limpio con tuning temporal interno | metric=mae | inner_splits=3 | AE150: run_e1_ridge_clean.py | AF150: Scripts/Modeling/run_e1_ridge_clean.py | AG150: Experimentos/runs/E1_v3_clean_20260321_103256 | AH150: Experimentos/runs/E1_v3_clean_20260321_103256/scripts/run_e1_ridge_clean.py | AI150: Experimentos/runs/E1_v3_clean_20260321_103256/parametros_run.json | AJ150: Experimentos/runs/E1_v3_clean_20260321_103256/metricas_horizonte.json | AK150: 2026-03-21 10:32:56
A151: 2026-03-21 10:32:56 | B151: E1_v3_clean | C151: E1 | D151: lineal_regularizado | E151: ridge_tscv | F151: 2 | G151: delta | H151: y_t + lags [1, 2, 3, 4] | I151: sentimiento_medios, v5_agua_neto, v5_alumbrado_neto, v5_americo_neto, v5_basura_neto, v5_corrupcion_neto, v5_delitos_neto, v5_morena_neto, v5_obras_neto, v5_prevencion_neto, v5_vialidad_neto | J151: standard_scaler | K151: all | L151: walk-forward_expanding | M151: 2024-10-14 a 2026-03-02 | N151: {"feature_candidates": 59, "feature_mode": "all", "horizon": 2, "initial_train_size": 40, "lags": [1, 2, 3, 4], "model": "ridge_tscv", "model_params": {"alpha_grid": [0.0001, 0.0001603718743751331, 0.00025719138090593444, 0.0004124626382901352, 0.0006614740641230146, 0.0010608183551394483, 0.0017012542798525892, 0.0027283333764867696, 0.004375479375074184, 0.007017038286703823, 0.011253355826007646, 0.018047217668271703, 0.028942661247167517, 0.046415888336127774, 0.07443803013251689, 0.11937766417144358, 0.19144819761699575, 0.30702906297578497, 0.49238826317067363, 0.7896522868499725, 1.266380173467402, 2.030917620904735, 3.257020655659783, 5.2233450742668435, 8.376776400682925, 13.433993325988988, 21.54434690031882, 34.55107294592218, 55.41020330009492, 88.86238162743408, 142.51026703029962, 228.54638641349882, 366.5241237079626, 587.8016072274912, 942.6684551178854, 1511.77507061566, 2424.462017082326, 3888.155180308085, 6235.507341273912, 10000.0], "alpha_selection_metric": "mae", "inner_splits": 3, "transform_mode": "standard", "winsor_lower_quantile": 0.05, "winsor_upper_quantile": 0.95}, "rows_eval": 27, "rows_modeling": 67, "selected_feature_count_avg": 59.0, "target_mode": "delta", "transform_mode": "standard"} | O151: 0.35 | P151: 0.25 | Q151: 0.25 | R151: 0.1 | S151: 0.25 | T151: 0.22785255 | U151: 0.48148148 | V151: 0.5 | W151: 0.62962963 | X151: 0.097020431 | Y151: 0.14019404 | Z151: 0.18103627 | AA151: 0.51851852 | AB151: 0.5 | AC151: corrido | AD151: Ridge limpio con tuning temporal interno | metric=mae | inner_splits=3 | AE151: run_e1_ridge_clean.py | AF151: Scripts/Modeling/run_e1_ridge_clean.py | AG151: Experimentos/runs/E1_v3_clean_20260321_103256 | AH151: Experimentos/runs/E1_v3_clean_20260321_103256/scripts/run_e1_ridge_clean.py | AI151: Experimentos/runs/E1_v3_clean_20260321_103256/parametros_run.json | AJ151: Experimentos/runs/E1_v3_clean_20260321_103256/metricas_horizonte.json | AK151: 2026-03-21 10:32:56
A152: 2026-03-21 10:32:56 | B152: E1_v3_clean | C152: E1 | D152: lineal_regularizado | E152: ridge_tscv | F152: 3 | G152: delta | H152: y_t + lags [1, 2, 3, 4] | I152: sentimiento_medios, v5_agua_neto, v5_alumbrado_neto, v5_americo_neto, v5_basura_neto, v5_corrupcion_neto, v5_delitos_neto, v5_morena_neto, v5_obras_neto, v5_prevencion_neto, v5_vialidad_neto | J152: standard_scaler | K152: all | L152: walk-forward_expanding | M152: 2024-10-14 a 2026-03-02 | N152: {"feature_candidates": 59, "feature_mode": "all", "horizon": 3, "initial_train_size": 40, "lags": [1, 2, 3, 4], "model": "ridge_tscv", "model_params": {"alpha_grid": [0.0001, 0.0001603718743751331, 0.00025719138090593444, 0.0004124626382901352, 0.0006614740641230146, 0.0010608183551394483, 0.0017012542798525892, 0.0027283333764867696, 0.004375479375074184, 0.007017038286703823, 0.011253355826007646, 0.018047217668271703, 0.028942661247167517, 0.046415888336127774, 0.07443803013251689, 0.11937766417144358, 0.19144819761699575, 0.30702906297578497, 0.49238826317067363, 0.7896522868499725, 1.266380173467402, 2.030917620904735, 3.257020655659783, 5.2233450742668435, 8.376776400682925, 13.433993325988988, 21.54434690031882, 34.55107294592218, 55.41020330009492, 88.86238162743408, 142.51026703029962, 228.54638641349882, 366.5241237079626, 587.8016072274912, 942.6684551178854, 1511.77507061566, 2424.462017082326, 3888.155180308085, 6235.507341273912, 10000.0], "alpha_selection_metric": "mae", "inner_splits": 3, "transform_mode": "standard", "winsor_lower_quantile": 0.05, "winsor_upper_quantile": 0.95}, "rows_eval": 26, "rows_modeling": 66, "selected_feature_count_avg": 59.0, "target_mode": "delta", "transform_mode": "standard"} | O152: 0.35 | P152: 0.25 | Q152: 0.25 | R152: 0.1 | S152: 0.3 | T152: 0.2644413 | U152: 0.46153846 | V152: 0.33333333 | W152: 0.84615385 | X152: 0.11276634 | Y152: 0.16270652 | Z152: 0.19536945 | AA152: 0.53846154 | AB152: 0.66666667 | AC152: corrido | AD152: Ridge limpio con tuning temporal interno | metric=mae | inner_splits=3 | AE152: run_e1_ridge_clean.py | AF152: Scripts/Modeling/run_e1_ridge_clean.py | AG152: Experimentos/runs/E1_v3_clean_20260321_103256 | AH152: Experimentos/runs/E1_v3_clean_20260321_103256/scripts/run_e1_ridge_clean.py | AI152: Experimentos/runs/E1_v3_clean_20260321_103256/parametros_run.json | AJ152: Experimentos/runs/E1_v3_clean_20260321_103256/metricas_horizonte.json | AK152: 2026-03-21 10:32:56
A153: 2026-03-21 10:32:56 | B153: E1_v3_clean | C153: E1 | D153: lineal_regularizado | E153: ridge_tscv | F153: 4 | G153: delta | H153: y_t + lags [1, 2, 3, 4] | I153: sentimiento_medios, v5_agua_neto, v5_alumbrado_neto, v5_americo_neto, v5_basura_neto, v5_corrupcion_neto, v5_delitos_neto, v5_morena_neto, v5_obras_neto, v5_prevencion_neto, v5_vialidad_neto | J153: standard_scaler | K153: all | L153: walk-forward_expanding | M153: 2024-10-14 a 2026-03-02 | N153: {"feature_candidates": 59, "feature_mode": "all", "horizon": 4, "initial_train_size": 40, "lags": [1, 2, 3, 4], "model": "ridge_tscv", "model_params": {"alpha_grid": [0.0001, 0.0001603718743751331, 0.00025719138090593444, 0.0004124626382901352, 0.0006614740641230146, 0.0010608183551394483, 0.0017012542798525892, 0.0027283333764867696, 0.004375479375074184, 0.007017038286703823, 0.011253355826007646, 0.018047217668271703, 0.028942661247167517, 0.046415888336127774, 0.07443803013251689, 0.11937766417144358, 0.19144819761699575, 0.30702906297578497, 0.49238826317067363, 0.7896522868499725, 1.266380173467402, 2.030917620904735, 3.257020655659783, 5.2233450742668435, 8.376776400682925, 13.433993325988988, 21.54434690031882, 34.55107294592218, 55.41020330009492, 88.86238162743408, 142.51026703029962, 228.54638641349882, 366.5241237079626, 587.8016072274912, 942.6684551178854, 1511.77507061566, 2424.462017082326, 3888.155180308085, 6235.507341273912, 10000.0], "alpha_selection_metric": "mae", "inner_splits": 3, "transform_mode": "standard", "winsor_lower_quantile": 0.05, "winsor_upper_quantile": 0.95}, "rows_eval": 25, "rows_modeling": 65, "selected_feature_count_avg": 59.0, "target_mode": "delta", "transform_mode": "standard"} | O153: 0.35 | P153: 0.25 | Q153: 0.25 | R153: 0.1 | S153: 0.15 | T153: 0.20909509 | U153: 0.4 | V153: 0.3 | W153: 0.76 | X153: 0.048627492 | Y153: 0.12865288 | Z153: 0.16116541 | AA153: 0.6 | AB153: 0.7 | AC153: corrido | AD153: Ridge limpio con tuning temporal interno | metric=mae | inner_splits=3 | AE153: run_e1_ridge_clean.py | AF153: Scripts/Modeling/run_e1_ridge_clean.py | AG153: Experimentos/runs/E1_v3_clean_20260321_103256 | AH153: Experimentos/runs/E1_v3_clean_20260321_103256/scripts/run_e1_ridge_clean.py | AI153: Experimentos/runs/E1_v3_clean_20260321_103256/parametros_run.json | AJ153: Experimentos/runs/E1_v3_clean_20260321_103256/metricas_horizonte.json | AK153: 2026-03-21 10:32:56
... A201: 2026-03-30 06:10:14 | B201: E5_v1_clean | C201: E5 | D201: arboles_boosting | E201: catboost_regressor | F201: 4 | G201: nivel | H201: y_t + lags [1, 2, 3, 4, 5, 6] | I201: sentimiento_medios, v5_agua_neto, v5_alumbrado_neto, v5_americo_neto, v5_basura_neto, v5_corrupcion_neto, v5_delitos_neto, v5_morena_neto, v5_obras_neto, v5_prevencion_neto, v5_vialidad_neto | J201: sin_escalar | K201: all | L201: walk-forward_expanding | M201: 2024-10-14 a 2026-03-02 | N201: {"feature_candidates": 83, "feature_mode": "all", "horizon": 4, "initial_train_size": 40, "lags": [1, 2, 3, 4, 5, 6], "model": "catboost_regressor", "model_params": {"depth": 5, "iterations": 300, "l2_leaf_reg": 3.0, "learning_rate": 0.05, "loss_function": "RMSE", "random_seed": 42, "subsample": 0.8, "tuning_strategy": "baseline_fijo_sin_tuning_interno", "uses_categorical_features": false, "uses_scaling": false}, "rows_eval": 23, "rows_modeling": 63, "selected_feature_count_avg": 83.0, "target_mode": "nivel", "transform_mode": ""} | O201: 0.35 | P201: 0.25 | Q201: 0.25 | R201: 0.1 | S201: 0.15 | T201: 0.16911789 | U201: 0.26086957 | V201: 0.22222222 | W201: 0.65217391 | X201: 0.03677724 | Y201: 0.10405554 | Z201: 0.14929952 | AA201: 0.73913043 | AB201: 0.77777778 | AC201: corrido | AD201: CatBoost limpio con walk-forward temporal | hipotesis=catboost_base_tabular_all | baseline fijo sin tuning interno | sin escalado por naturaleza basada en arboles | sin variables categoricas explicitas, operando sobre features numericas | AE201: run_e5_catboost.py | AF201: Scripts/Modeling/run_e5_catboost.py | AG201: Experimentos/runs/E5_v1_clean_20260330_061014 | AH201: Experimentos/runs/E5_v1_clean_20260330_061014/scripts/run_e5_catboost.py | AI201: Experimentos/runs/E5_v1_clean_20260330_061014/parametros_run.json | AJ201: Experimentos/runs/E5_v1_clean_20260330_061014/metricas_horizonte.json | AK201: 2026-03-30 06:10:14
A202: 2026-03-30 08:57:47 | B202: C1_v1_clean | C202: C1 | D202: clasificacion_random_forest | E202: random_forest_classifier | F202: 1 | G202: bandas_5clases | H202: y_t + lags [1, 2, 3, 4, 5, 6] | I202: sentimiento_medios, v5_agua_neto, v5_alumbrado_neto, v5_americo_neto, v5_basura_neto, v5_corrupcion_neto, v5_delitos_neto, v5_morena_neto, v5_obras_neto, v5_prevencion_neto, v5_vialidad_neto | J202: sin_escalar | K202: all | L202: walk-forward_expanding | M202: 2024-10-14 a 2026-03-02 | N202: {"feature_candidates": 83, "feature_mode": "all", "horizon": 1, "initial_train_size": 40, "lags": [1, 2, 3, 4, 5, 6], "model": "random_forest_classifier", "model_params": {"class_weight": "balanced_subsample", "max_depth": 4, "max_features": "sqrt", "min_samples_leaf": 4, "min_samples_split": 8, "n_estimators": 300, "random_seed": 42, "tuning_strategy": "baseline_fijo_sin_tuning_interno", "uses_scaling": false}, "rows_eval": 26, "rows_modeling": 66, "selected_feature_count_avg": 83.0, "target_build_metadata": {"class_to_id_3": {"baja": 0, "se_mantiene": 1, "sube": 2}, "class_to_id_5": {"baja_fuerte": 0, "baja_moderada": 1, "se_mantiene": 2, "sube_fuerte": 4, "sube_moderada": 3}, "delta_definition": "delta_objetivo_h = y_{t+h} - y_t", "horizonte": 1, "target_mode_clf": "bandas_5clases", "taxonomy_5_classes": {"baja_fuerte": "cambio <= -3.0", "baja_moderada": "-3.0 < cambio <= -1.5", "se_mantiene": "-1.5 < cambio < 1.5", "sube_fuerte": "cambio >= 3.0", "sube_moderada": "1.5 <= cambio < 3.0"}}, "target_mode_clf": "bandas_5clases", "task_type": "clasificacion"} | O202: 0.35 | P202: 0.25 | Q202: 0.25 | R202: 0.1 | S202: 0.3 | X202: 0.145 | AC202: corrido | AD202: RandomForestClassifier limpio con walk-forward temporal | hipotesis=rf_clf_baseline_prudente | sin tuning interno | class_weight nativo por fold | AE202: run_c1_random_forest_classifier.py | AF202: Scripts/Modeling/run_c1_random_forest_classifier.py | AG202: Experimentos/runs/C1_v1_clean_20260330_085747 | AH202: Experimentos/runs/C1_v1_clean_20260330_085747/scripts/run_c1_random_forest_classifier.py | AI202: Experimentos/runs/C1_v1_clean_20260330_085747/parametros_run.json | AJ202: Experimentos/runs/C1_v1_clean_20260330_085747/metricas_horizonte.json | AK202: 2026-03-30 08:57:47 | AL202: clasificacion | AM202: 1 | AN202: 1 | AO202: 0.2 | AP202: 1 | AQ202: 0 | AR202: 0 | AS202: 0 | AT202: 0 | AU202: 0 | AV202: 1 | AW202: 0.33333333 | AX202: 1 | AY202: 0.145
A203: 2026-03-30 08:57:47 | B203: C1_v1_clean | C203: C1 | D203: clasificacion_random_forest | E203: random_forest_classifier | F203: 2 | G203: bandas_5clases | H203: y_t + lags [1, 2, 3, 4, 5, 6] | I203: sentimiento_medios, v5_agua_neto, v5_alumbrado_neto, v5_americo_neto, v5_basura_neto, v5_corrupcion_neto, v5_delitos_neto, v5_morena_neto, v5_obras_neto, v5_prevencion_neto, v5_vialidad_neto | J203: sin_escalar | K203: all | L203: walk-forward_expanding | M203: 2024-10-14 a 2026-03-02 | N203: {"feature_candidates": 83, "feature_mode": "all", "horizon": 2, "initial_train_size": 40, "lags": [1, 2, 3, 4, 5, 6], "model": "random_forest_classifier", "model_params": {"class_weight": "balanced_subsample", "max_depth": 4, "max_features": "sqrt", "min_samples_leaf": 4, "min_samples_split": 8, "n_estimators": 300, "random_seed": 42, "tuning_strategy": "baseline_fijo_sin_tuning_interno", "uses_scaling": false}, "rows_eval": 25, "rows_modeling": 65, "selected_feature_count_avg": 83.0, "target_build_metadata": {"class_to_id_3": {"baja": 0, "se_mantiene": 1, "sube": 2}, "class_to_id_5": {"baja_fuerte": 0, "baja_moderada": 1, "se_mantiene": 2, "sube_fuerte": 4, "sube_moderada": 3}, "delta_definition": "delta_objetivo_h = y_{t+h} - y_t", "horizonte": 2, "target_mode_clf": "bandas_5clases", "taxonomy_5_classes": {"baja_fuerte": "cambio <= -3.0", "baja_moderada": "-3.0 < cambio <= -1.5", "se_mantiene": "-1.5 < cambio < 1.5", "sube_fuerte": "cambio >= 3.0", "sube_moderada": "1.5 <= cambio < 3.0"}}, "target_mode_clf": "bandas_5clases", "task_type": "clasificacion"} | O203: 0.35 | P203: 0.25 | Q203: 0.25 | R203: 0.1 | S203: 0.25 | X203: 0.12083333 | AC203: corrido | AD203: RandomForestClassifier limpio con walk-forward temporal | hipotesis=rf_clf_baseline_prudente | sin tuning interno | class_weight nativo por fold | AE203: run_c1_random_forest_classifier.py | AF203: Scripts/Modeling/run_c1_random_forest_classifier.py | AG203: Experimentos/runs/C1_v1_clean_20260330_085747 | AH203: Experimentos/runs/C1_v1_clean_20260330_085747/scripts/run_c1_random_forest_classifier.py | AI203: Experimentos/runs/C1_v1_clean_20260330_085747/parametros_run.json | AJ203: Experimentos/runs/C1_v1_clean_20260330_085747/metricas_horizonte.json | AK203: 2026-03-30 08:57:47 | AL203: clasificacion | AM203: 1 | AN203: 1 | AO203: 0.2 | AP203: 1 | AQ203: 0 | AR203: 0 | AS203: 0 | AT203: 0 | AU203: 0 | AV203: 1 | AW203: 0.33333333 | AX203: 1 | AY203: 0.12083333
A204: 2026-03-30 08:57:47 | B204: C1_v1_clean | C204: C1 | D204: clasificacion_random_forest | E204: random_forest_classifier | F204: 3 | G204: bandas_5clases | H204: y_t + lags [1, 2, 3, 4, 5, 6] | I204: sentimiento_medios, v5_agua_neto, v5_alumbrado_neto, v5_americo_neto, v5_basura_neto, v5_corrupcion_neto, v5_delitos_neto, v5_morena_neto, v5_obras_neto, v5_prevencion_neto, v5_vialidad_neto | J204: sin_escalar | K204: all | L204: walk-forward_expanding | M204: 2024-10-14 a 2026-03-02 | N204: {"feature_candidates": 83, "feature_mode": "all", "horizon": 3, "initial_train_size": 40, "lags": [1, 2, 3, 4, 5, 6], "model": "random_forest_classifier", "model_params": {"class_weight": "balanced_subsample", "max_depth": 4, "max_features": "sqrt", "min_samples_leaf": 4, "min_samples_split": 8, "n_estimators": 300, "random_seed": 42, "tuning_strategy": "baseline_fijo_sin_tuning_interno", "uses_scaling": false}, "rows_eval": 24, "rows_modeling": 64, "selected_feature_count_avg": 83.0, "target_build_metadata": {"class_to_id_3": {"baja": 0, "se_mantiene": 1, "sube": 2}, "class_to_id_5": {"baja_fuerte": 0, "baja_moderada": 1, "se_mantiene": 2, "sube_fuerte": 4, "sube_moderada": 3}, "delta_definition": "delta_objetivo_h = y_{t+h} - y_t", "horizonte": 3, "target_mode_clf": "bandas_5clases", "taxonomy_5_classes": {"baja_fuerte": "cambio <= -3.0", "baja_moderada": "-3.0 < cambio <= -1.5", "se_mantiene": "-1.5 < cambio < 1.5", "sube_fuerte": "cambio >= 3.0", "sube_moderada": "1.5 <= cambio < 3.0"}}, "target_mode_clf": "bandas_5clases", "task_type": "clasificacion"} | O204: 0.35 | P204: 0.25 | Q204: 0.25 | R204: 0.1 | S204: 0.3 | X204: 0.145 | AC204: corrido | AD204: RandomForestClassifier limpio con walk-forward temporal | hipotesis=rf_clf_baseline_prudente | sin tuning interno | class_weight nativo por fold | AE204: run_c1_random_forest_classifier.py | AF204: Scripts/Modeling/run_c1_random_forest_classifier.py | AG204: Experimentos/runs/C1_v1_clean_20260330_085747 | AH204: Experimentos/runs/C1_v1_clean_20260330_085747/scripts/run_c1_random_forest_classifier.py | AI204: Experimentos/runs/C1_v1_clean_20260330_085747/parametros_run.json | AJ204: Experimentos/runs/C1_v1_clean_20260330_085747/metricas_horizonte.json | AK204: 2026-03-30 08:57:47 | AL204: clasificacion | AM204: 1 | AN204: 1 | AO204: 0.2 | AP204: 1 | AQ204: 0 | AR204: 0 | AS204: 0 | AT204: 0 | AU204: 0 | AV204: 1 | AW204: 0.33333333 | AX204: 1 | AY204: 0.145
A205: 2026-03-30 08:57:47 | B205: C1_v1_clean | C205: C1 | D205: clasificacion_random_forest | E205: random_forest_classifier | F205: 4 | G205: bandas_5clases | H205: y_t + lags [1, 2, 3, 4, 5, 6] | I205: sentimiento_medios, v5_agua_neto, v5_alumbrado_neto, v5_americo_neto, v5_basura_neto, v5_corrupcion_neto, v5_delitos_neto, v5_morena_neto, v5_obras_neto, v5_prevencion_neto, v5_vialidad_neto | J205: sin_escalar | K205: all | L205: walk-forward_expanding | M205: 2024-10-14 a 2026-03-02 | N205: {"feature_candidates": 83, "feature_mode": "all", "horizon": 4, "initial_train_size": 40, "lags": [1, 2, 3, 4, 5, 6], "model": "random_forest_classifier", "model_params": {"class_weight": "balanced_subsample", "max_depth": 4, "max_features": "sqrt", "min_samples_leaf": 4, "min_samples_split": 8, "n_estimators": 300, "random_seed": 42, "tuning_strategy": "baseline_fijo_sin_tuning_interno", "uses_scaling": false}, "rows_eval": 23, "rows_modeling": 63, "selected_feature_count_avg": 83.0, "target_build_metadata": {"class_to_id_3": {"baja": 0, "se_mantiene": 1, "sube": 2}, "class_to_id_5": {"baja_fuerte": 0, "baja_moderada": 1, "se_mantiene": 2, "sube_fuerte": 4, "sube_moderada": 3}, "delta_definition": "delta_objetivo_h = y_{t+h} - y_t", "horizonte": 4, "target_mode_clf": "bandas_5clases", "taxonomy_5_classes": {"baja_fuerte": "cambio <= -3.0", "baja_moderada": "-3.0 < cambio <= -1.5", "se_mantiene": "-1.5 < cambio < 1.5", "sube_fuerte": "cambio >= 3.0", "sube_moderada": "1.5 <= cambio < 3.0"}}, "target_mode_clf": "bandas_5clases", "task_type": "clasificacion"} | O205: 0.35 | P205: 0.25 | Q205: 0.25 | R205: 0.1 | S205: 0.15 | X205: 0.0725 | AC205: corrido | AD205: RandomForestClassifier limpio con walk-forward temporal | hipotesis=rf_clf_baseline_prudente | sin tuning interno | class_weight nativo por fold | AE205: run_c1_random_forest_classifier.py | AF205: Scripts/Modeling/run_c1_random_forest_classifier.py | AG205: Experimentos/runs/C1_v1_clean_20260330_085747 | AH205: Experimentos/runs/C1_v1_clean_20260330_085747/scripts/run_c1_random_forest_classifier.py | AI205: Experimentos/runs/C1_v1_clean_20260330_085747/parametros_run.json | AJ205: Experimentos/runs/C1_v1_clean_20260330_085747/metricas_horizonte.json | AK205: 2026-03-30 08:57:47 | AL205: clasificacion | AM205: 1 | AN205: 1 | AO205: 0.2 | AP205: 1 | AQ205: 0 | AR205: 0 | AS205: 0 | AT205: 0 | AU205: 0 | AV205: 1 | AW205: 0.33333333 | AX205: 1 | AY205: 0.0725
A206: 2026-03-30 08:58:46 | B206: C1_v2_clean | C206: C1 | D206: clasificacion_random_forest | E206: random_forest_classifier | F206: 1 | G206: bandas_5clases | H206: y_t + lags [1, 2, 3, 4, 5, 6] | I206: sentimiento_medios, v5_agua_neto, v5_alumbrado_neto, v5_americo_neto, v5_basura_neto, v5_corrupcion_neto, v5_delitos_neto, v5_morena_neto, v5_obras_neto, v5_prevencion_neto, v5_vialidad_neto | J206: sin_escalar | K206: all | L206: walk-forward_expanding | M206: 2024-10-14 a 2026-03-02 | N206: {"feature_candidates": 83, "feature_mode": "all", "horizon": 1, "initial_train_size": 40, "lags": [1, 2, 3, 4, 5, 6], "model": "random_forest_classifier", "model_params": {"class_weight": "balanced_subsample", "max_depth": 3, "max_features": "sqrt", "min_samples_leaf": 5, "min_samples_split": 10, "n_estimators": 400, "random_seed": 42, "tuning_strategy": "baseline_fijo_sin_tuning_interno", "uses_scaling": false}, "rows_eval": 26, "rows_modeling": 66, "selected_feature_count_avg": 83.0, "target_build_metadata": {"class_to_id_3": {"baja": 0, "se_mantiene": 1, "sube": 2}, "class_to_id_5": {"baja_fuerte": 0, "baja_moderada": 1, "se_mantiene": 2, "sube_fuerte": 4, "sube_moderada": 3}, "delta_definition": "delta_objetivo_h = y_{t+h} - y_t", "horizonte": 1, "target_mode_clf": "bandas_5clases", "taxonomy_5_classes": {"baja_fuerte": "cambio <= -3.0", "baja_moderada": "-3.0 < cambio <= -1.5", "se_mantiene": "-1.5 < cambio < 1.5", "sube_fuerte": "cambio >= 3.0", "sube_moderada": "1.5 <= cambio < 3.0"}}, "target_mode_clf": "bandas_5clases", "task_type": "clasificacion"} | O206: 0.35 | P206: 0.25 | Q206: 0.25 | R206: 0.1 | S206: 0.3 | X206: 0.145 | AC206: corrido | AD206: RandomForestClassifier limpio con walk-forward temporal | hipotesis=rf_clf_mas_parsimonioso | sin tuning interno | class_weight nativo por fold | AE206: run_c1_random_forest_classifier.py | AF206: Scripts/Modeling/run_c1_random_forest_classifier.py | AG206: Experimentos/runs/C1_v2_clean_20260330_085846 | AH206: Experimentos/runs/C1_v2_clean_20260330_085846/scripts/run_c1_random_forest_classifier.py | AI206: Experimentos/runs/C1_v2_clean_20260330_085846/parametros_run.json | AJ206: Experimentos/runs/C1_v2_clean_20260330_085846/metricas_horizonte.json | AK206: 2026-03-30 08:58:46 | AL206: clasificacion | AM206: 1 | AN206: 1 | AO206: 0.2 | AP206: 1 | AQ206: 0 | AR206: 0 | AS206: 0 | AT206: 0 | AU206: 0 | AV206: 1 | AW206: 0.33333333 | AX206: 1 | AY206: 0.145
A207: 2026-03-30 08:58:46 | B207: C1_v2_clean | C207: C1 | D207: clasificacion_random_forest | E207: random_forest_classifier | F207: 2 | G207: bandas_5clases | H207: y_t + lags [1, 2, 3, 4, 5, 6] | I207: sentimiento_medios, v5_agua_neto, v5_alumbrado_neto, v5_americo_neto, v5_basura_neto, v5_corrupcion_neto, v5_delitos_neto, v5_morena_neto, v5_obras_neto, v5_prevencion_neto, v5_vialidad_neto | J207: sin_escalar | K207: all | L207: walk-forward_expanding | M207: 2024-10-14 a 2026-03-02 | N207: {"feature_candidates": 83, "feature_mode": "all", "horizon": 2, "initial_train_size": 40, "lags": [1, 2, 3, 4, 5, 6], "model": "random_forest_classifier", "model_params": {"class_weight": "balanced_subsample", "max_depth": 3, "max_features": "sqrt", "min_samples_leaf": 5, "min_samples_split": 10, "n_estimators": 400, "random_seed": 42, "tuning_strategy": "baseline_fijo_sin_tuning_interno", "uses_scaling": false}, "rows_eval": 25, "rows_modeling": 65, "selected_feature_count_avg": 83.0, "target_build_metadata": {"class_to_id_3": {"baja": 0, "se_mantiene": 1, "sube": 2}, "class_to_id_5": {"baja_fuerte": 0, "baja_moderada": 1, "se_mantiene": 2, "sube_fuerte": 4, "sube_moderada": 3}, "delta_definition": "delta_objetivo_h = y_{t+h} - y_t", "horizonte": 2, "target_mode_clf": "bandas_5clases", "taxonomy_5_classes": {"baja_fuerte": "cambio <= -3.0", "baja_moderada": "-3.0 < cambio <= -1.5", "se_mantiene": "-1.5 < cambio < 1.5", "sube_fuerte": "cambio >= 3.0", "sube_moderada": "1.5 <= cambio < 3.0"}}, "target_mode_clf": "bandas_5clases", "task_type": "clasificacion"} | O207: 0.35 | P207: 0.25 | Q207: 0.25 | R207: 0.1 | S207: 0.25 | X207: 0.12083333 | AC207: corrido | AD207: RandomForestClassifier limpio con walk-forward temporal | hipotesis=rf_clf_mas_parsimonioso | sin tuning interno | class_weight nativo por fold | AE207: run_c1_random_forest_classifier.py | AF207: Scripts/Modeling/run_c1_random_forest_classifier.py | AG207: Experimentos/runs/C1_v2_clean_20260330_085846 | AH207: Experimentos/runs/C1_v2_clean_20260330_085846/scripts/run_c1_random_forest_classifier.py | AI207: Experimentos/runs/C1_v2_clean_20260330_085846/parametros_run.json | AJ207: Experimentos/runs/C1_v2_clean_20260330_085846/metricas_horizonte.json | AK207: 2026-03-30 08:58:46 | AL207: clasificacion | AM207: 1 | AN207: 1 | AO207: 0.2 | AP207: 1 | AQ207: 0 | AR207: 0 | AS207: 0 | AT207: 0 | AU207: 0 | AV207: 1 | AW207: 0.33333333 | AX207: 1 | AY207: 0.12083333
A208: 2026-03-30 08:58:46 | B208: C1_v2_clean | C208: C1 | D208: clasificacion_random_forest | E208: random_forest_classifier | F208: 3 | G208: bandas_5clases | H208: y_t + lags [1, 2, 3, 4, 5, 6] | I208: sentimiento_medios, v5_agua_neto, v5_alumbrado_neto, v5_americo_neto, v5_basura_neto, v5_corrupcion_neto, v5_delitos_neto, v5_morena_neto, v5_obras_neto, v5_prevencion_neto, v5_vialidad_neto | J208: sin_escalar | K208: all | L208: walk-forward_expanding | M208: 2024-10-14 a 2026-03-02 | N208: {"feature_candidates": 83, "feature_mode": "all", "horizon": 3, "initial_train_size": 40, "lags": [1, 2, 3, 4, 5, 6], "model": "random_forest_classifier", "model_params": {"class_weight": "balanced_subsample", "max_depth": 3, "max_features": "sqrt", "min_samples_leaf": 5, "min_samples_split": 10, "n_estimators": 400, "random_seed": 42, "tuning_strategy": "baseline_fijo_sin_tuning_interno", "uses_scaling": false}, "rows_eval": 24, "rows_modeling": 64, "selected_feature_count_avg": 83.0, "target_build_metadata": {"class_to_id_3": {"baja": 0, "se_mantiene": 1, "sube": 2}, "class_to_id_5": {"baja_fuerte": 0, "baja_moderada": 1, "se_mantiene": 2, "sube_fuerte": 4, "sube_moderada": 3}, "delta_definition": "delta_objetivo_h = y_{t+h} - y_t", "horizonte": 3, "target_mode_clf": "bandas_5clases", "taxonomy_5_classes": {"baja_fuerte": "cambio <= -3.0", "baja_moderada": "-3.0 < cambio <= -1.5", "se_mantiene": "-1.5 < cambio < 1.5", "sube_fuerte": "cambio >= 3.0", "sube_moderada": "1.5 <= cambio < 3.0"}}, "target_mode_clf": "bandas_5clases", "task_type": "clasificacion"} | O208: 0.35 | P208: 0.25 | Q208: 0.25 | R208: 0.1 | S208: 0.3 | X208: 0.145 | AC208: corrido | AD208: RandomForestClassifier limpio con walk-forward temporal | hipotesis=rf_clf_mas_parsimonioso | sin tuning interno | class_weight nativo por fold | AE208: run_c1_random_forest_classifier.py | AF208: Scripts/Modeling/run_c1_random_forest_classifier.py | AG208: Experimentos/runs/C1_v2_clean_20260330_085846 | AH208: Experimentos/runs/C1_v2_clean_20260330_085846/scripts/run_c1_random_forest_classifier.py | AI208: Experimentos/runs/C1_v2_clean_20260330_085846/parametros_run.json | AJ208: Experimentos/runs/C1_v2_clean_20260330_085846/metricas_horizonte.json | AK208: 2026-03-30 08:58:46 | AL208: clasificacion | AM208: 1 | AN208: 1 | AO208: 0.2 | AP208: 1 | AQ208: 0 | AR208: 0 | AS208: 0 | AT208: 0 | AU208: 0 | AV208: 1 | AW208: 0.33333333 | AX208: 1 | AY208: 0.145
A209: 2026-03-30 08:58:46 | B209: C1_v2_clean | C209: C1 | D209: clasificacion_random_forest | E209: random_forest_classifier | F209: 4 | G209: bandas_5clases | H209: y_t + lags [1, 2, 3, 4, 5, 6] | I209: sentimiento_medios, v5_agua_neto, v5_alumbrado_neto, v5_americo_neto, v5_basura_neto, v5_corrupcion_neto, v5_delitos_neto, v5_morena_neto, v5_obras_neto, v5_prevencion_neto, v5_vialidad_neto | J209: sin_escalar | K209: all | L209: walk-forward_expanding | M209: 2024-10-14 a 2026-03-02 | N209: {"feature_candidates": 83, "feature_mode": "all", "horizon": 4, "initial_train_size": 40, "lags": [1, 2, 3, 4, 5, 6], "model": "random_forest_classifier", "model_params": {"class_weight": "balanced_subsample", "max_depth": 3, "max_features": "sqrt", "min_samples_leaf": 5, "min_samples_split": 10, "n_estimators": 400, "random_seed": 42, "tuning_strategy": "baseline_fijo_sin_tuning_interno", "uses_scaling": false}, "rows_eval": 23, "rows_modeling": 63, "selected_feature_count_avg": 83.0, "target_build_metadata": {"class_to_id_3": {"baja": 0, "se_mantiene": 1, "sube": 2}, "class_to_id_5": {"baja_fuerte": 0, "baja_moderada": 1, "se_mantiene": 2, "sube_fuerte": 4, "sube_moderada": 3}, "delta_definition": "delta_objetivo_h = y_{t+h} - y_t", "horizonte": 4, "target_mode_clf": "bandas_5clases", "taxonomy_5_classes": {"baja_fuerte": "cambio <= -3.0", "baja_moderada": "-3.0 < cambio <= -1.5", "se_mantiene": "-1.5 < cambio < 1.5", "sube_fuerte": "cambio >= 3.0", "sube_moderada": "1.5 <= cambio < 3.0"}}, "target_mode_clf": "bandas_5clases", "task_type": "clasificacion"} | O209: 0.35 | P209: 0.25 | Q209: 0.25 | R209: 0.1 | S209: 0.15 | X209: 0.0725 | AC209: corrido | AD209: RandomForestClassifier limpio con walk-forward temporal | hipotesis=rf_clf_mas_parsimonioso | sin tuning interno | class_weight nativo por fold | AE209: run_c1_random_forest_classifier.py | AF209: Scripts/Modeling/run_c1_random_forest_classifier.py | AG209: Experimentos/runs/C1_v2_clean_20260330_085846 | AH209: Experimentos/runs/C1_v2_clean_20260330_085846/scripts/run_c1_random_forest_classifier.py | AI209: Experimentos/runs/C1_v2_clean_20260330_085846/parametros_run.json | AJ209: Experimentos/runs/C1_v2_clean_20260330_085846/metricas_horizonte.json | AK209: 2026-03-30 08:58:46 | AL209: clasificacion | AM209: 1 | AN209: 1 | AO209: 0.2 | AP209: 1 | AQ209: 0 | AR209: 0 | AS209: 0 | AT209: 0 | AU209: 0 | AV209: 1 | AW209: 0.33333333 | AX209: 1 | AY209: 0.0725
A210: 2026-03-30 08:58:54 | B210: C1_v3_clean | C210: C1 | D210: clasificacion_random_forest | E210: random_forest_classifier | F210: 1 | G210: bandas_5clases | H210: y_t + lags [1, 2, 3, 4, 5, 6] | I210: sentimiento_medios, v5_agua_neto, v5_alumbrado_neto, v5_americo_neto, v5_basura_neto, v5_corrupcion_neto, v5_delitos_neto, v5_morena_neto, v5_obras_neto, v5_prevencion_neto, v5_vialidad_neto | J210: sin_escalar | K210: all | L210: walk-forward_expanding | M210: 2024-10-14 a 2026-03-02 | N210: {"feature_candidates": 83, "feature_mode": "all", "horizon": 1, "initial_train_size": 40, "lags": [1, 2, 3, 4, 5, 6], "model": "random_forest_classifier", "model_params": {"class_weight": "balanced_subsample", "max_depth": 6, "max_features": "sqrt", "min_samples_leaf": 3, "min_samples_split": 6, "n_estimators": 500, "random_seed": 42, "tuning_strategy": "baseline_fijo_sin_tuning_interno", "uses_scaling": false}, "rows_eval": 26, "rows_modeling": 66, "selected_feature_count_avg": 83.0, "target_build_metadata": {"class_to_id_3": {"baja": 0, "se_mantiene": 1, "sube": 2}, "class_to_id_5": {"baja_fuerte": 0, "baja_moderada": 1, "se_mantiene": 2, "sube_fuerte": 4, "sube_moderada": 3}, "delta_definition": "delta_objetivo_h = y_{t+h} - y_t", "horizonte": 1, "target_mode_clf": "bandas_5clases", "taxonomy_5_classes": {"baja_fuerte": "cambio <= -3.0", "baja_moderada": "-3.0 < cambio <= -1.5", "se_mantiene": "-1.5 < cambio < 1.5", "sube_fuerte": "cambio >= 3.0", "sube_moderada": "1.5 <= cambio < 3.0"}}, "target_mode_clf": "bandas_5clases", "task_type": "clasificacion"} | O210: 0.35 | P210: 0.25 | Q210: 0.25 | R210: 0.1 | S210: 0.3 | X210: 0.145 | AC210: corrido | AD210: RandomForestClassifier limpio con walk-forward temporal | hipotesis=rf_clf_mas_flexible_controlado | sin tuning interno | class_weight nativo por fold | AE210: run_c1_random_forest_classifier.py | AF210: Scripts/Modeling/run_c1_random_forest_classifier.py | AG210: Experimentos/runs/C1_v3_clean_20260330_085854 | AH210: Experimentos/runs/C1_v3_clean_20260330_085854/scripts/run_c1_random_forest_classifier.py | AI210: Experimentos/runs/C1_v3_clean_20260330_085854/parametros_run.json | AJ210: Experimentos/runs/C1_v3_clean_20260330_085854/metricas_horizonte.json | AK210: 2026-03-30 08:58:54 | AL210: clasificacion | AM210: 1 | AN210: 1 | AO210: 0.2 | AP210: 1 | AQ210: 0 | AR210: 0 | AS210: 0 | AT210: 0 | AU210: 0 | AV210: 1 | AW210: 0.33333333 | AX210: 1 | AY210: 0.145
A211: 2026-03-30 08:58:54 | B211: C1_v3_clean | C211: C1 | D211: clasificacion_random_forest | E211: random_forest_classifier | F211: 2 | G211: bandas_5clases | H211: y_t + lags [1, 2, 3, 4, 5, 6] | I211: sentimiento_medios, v5_agua_neto, v5_alumbrado_neto, v5_americo_neto, v5_basura_neto, v5_corrupcion_neto, v5_delitos_neto, v5_morena_neto, v5_obras_neto, v5_prevencion_neto, v5_vialidad_neto | J211: sin_escalar | K211: all | L211: walk-forward_expanding | M211: 2024-10-14 a 2026-03-02 | N211: {"feature_candidates": 83, "feature_mode": "all", "horizon": 2, "initial_train_size": 40, "lags": [1, 2, 3, 4, 5, 6], "model": "random_forest_classifier", "model_params": {"class_weight": "balanced_subsample", "max_depth": 6, "max_features": "sqrt", "min_samples_leaf": 3, "min_samples_split": 6, "n_estimators": 500, "random_seed": 42, "tuning_strategy": "baseline_fijo_sin_tuning_interno", "uses_scaling": false}, "rows_eval": 25, "rows_modeling": 65, "selected_feature_count_avg": 83.0, "target_build_metadata": {"class_to_id_3": {"baja": 0, "se_mantiene": 1, "sube": 2}, "class_to_id_5": {"baja_fuerte": 0, "baja_moderada": 1, "se_mantiene": 2, "sube_fuerte": 4, "sube_moderada": 3}, "delta_definition": "delta_objetivo_h = y_{t+h} - y_t", "horizonte": 2, "target_mode_clf": "bandas_5clases", "taxonomy_5_classes": {"baja_fuerte": "cambio <= -3.0", "baja_moderada": "-3.0 < cambio <= -1.5", "se_mantiene": "-1.5 < cambio < 1.5", "sube_fuerte": "cambio >= 3.0", "sube_moderada": "1.5 <= cambio < 3.0"}}, "target_mode_clf": "bandas_5clases", "task_type": "clasificacion"} | O211: 0.35 | P211: 0.25 | Q211: 0.25 | R211: 0.1 | S211: 0.25 | X211: 0.12083333 | AC211: corrido | AD211: RandomForestClassifier limpio con walk-forward temporal | hipotesis=rf_clf_mas_flexible_controlado | sin tuning interno | class_weight nativo por fold | AE211: run_c1_random_forest_classifier.py | AF211: Scripts/Modeling/run_c1_random_forest_classifier.py | AG211: Experimentos/runs/C1_v3_clean_20260330_085854 | AH211: Experimentos/runs/C1_v3_clean_20260330_085854/scripts/run_c1_random_forest_classifier.py | AI211: Experimentos/runs/C1_v3_clean_20260330_085854/parametros_run.json | AJ211: Experimentos/runs/C1_v3_clean_20260330_085854/metricas_horizonte.json | AK211: 2026-03-30 08:58:54 | AL211: clasificacion | AM211: 1 | AN211: 1 | AO211: 0.2 | AP211: 1 | AQ211: 0 | AR211: 0 | AS211: 0 | AT211: 0 | AU211: 0 | AV211: 1 | AW211: 0.33333333 | AX211: 1 | AY211: 0.12083333
A212: 2026-03-30 08:58:54 | B212: C1_v3_clean | C212: C1 | D212: clasificacion_random_forest | E212: random_forest_classifier | F212: 3 | G212: bandas_5clases | H212: y_t + lags [1, 2, 3, 4, 5, 6] | I212: sentimiento_medios, v5_agua_neto, v5_alumbrado_neto, v5_americo_neto, v5_basura_neto, v5_corrupcion_neto, v5_delitos_neto, v5_morena_neto, v5_obras_neto, v5_prevencion_neto, v5_vialidad_neto | J212: sin_escalar | K212: all | L212: walk-forward_expanding | M212: 2024-10-14 a 2026-03-02 | N212: {"feature_candidates": 83, "feature_mode": "all", "horizon": 3, "initial_train_size": 40, "lags": [1, 2, 3, 4, 5, 6], "model": "random_forest_classifier", "model_params": {"class_weight": "balanced_subsample", "max_depth": 6, "max_features": "sqrt", "min_samples_leaf": 3, "min_samples_split": 6, "n_estimators": 500, "random_seed": 42, "tuning_strategy": "baseline_fijo_sin_tuning_interno", "uses_scaling": false}, "rows_eval": 24, "rows_modeling": 64, "selected_feature_count_avg": 83.0, "target_build_metadata": {"class_to_id_3": {"baja": 0, "se_mantiene": 1, "sube": 2}, "class_to_id_5": {"baja_fuerte": 0, "baja_moderada": 1, "se_mantiene": 2, "sube_fuerte": 4, "sube_moderada": 3}, "delta_definition": "delta_objetivo_h = y_{t+h} - y_t", "horizonte": 3, "target_mode_clf": "bandas_5clases", "taxonomy_5_classes": {"baja_fuerte": "cambio <= -3.0", "baja_moderada": "-3.0 < cambio <= -1.5", "se_mantiene": "-1.5 < cambio < 1.5", "sube_fuerte": "cambio >= 3.0", "sube_moderada": "1.5 <= cambio < 3.0"}}, "target_mode_clf": "bandas_5clases", "task_type": "clasificacion"} | O212: 0.35 | P212: 0.25 | Q212: 0.25 | R212: 0.1 | S212: 0.3 | X212: 0.145 | AC212: corrido | AD212: RandomForestClassifier limpio con walk-forward temporal | hipotesis=rf_clf_mas_flexible_controlado | sin tuning interno | class_weight nativo por fold | AE212: run_c1_random_forest_classifier.py | AF212: Scripts/Modeling/run_c1_random_forest_classifier.py | AG212: Experimentos/runs/C1_v3_clean_20260330_085854 | AH212: Experimentos/runs/C1_v3_clean_20260330_085854/scripts/run_c1_random_forest_classifier.py | AI212: Experimentos/runs/C1_v3_clean_20260330_085854/parametros_run.json | AJ212: Experimentos/runs/C1_v3_clean_20260330_085854/metricas_horizonte.json | AK212: 2026-03-30 08:58:54 | AL212: clasificacion | AM212: 1 | AN212: 1 | AO212: 0.2 | AP212: 1 | AQ212: 0 | AR212: 0 | AS212: 0 | AT212: 0 | AU212: 0 | AV212: 1 | AW212: 0.33333333 | AX212: 1 | AY212: 0.145
A213: 2026-03-30 08:58:54 | B213: C1_v3_clean | C213: C1 | D213: clasificacion_random_forest | E213: random_forest_classifier | F213: 4 | G213: bandas_5clases | H213: y_t + lags [1, 2, 3, 4, 5, 6] | I213: sentimiento_medios, v5_agua_neto, v5_alumbrado_neto, v5_americo_neto, v5_basura_neto, v5_corrupcion_neto, v5_delitos_neto, v5_morena_neto, v5_obras_neto, v5_prevencion_neto, v5_vialidad_neto | J213: sin_escalar | K213: all | L213: walk-forward_expanding | M213: 2024-10-14 a 2026-03-02 | N213: {"feature_candidates": 83, "feature_mode": "all", "horizon": 4, "initial_train_size": 40, "lags": [1, 2, 3, 4, 5, 6], "model": "random_forest_classifier", "model_params": {"class_weight": "balanced_subsample", "max_depth": 6, "max_features": "sqrt", "min_samples_leaf": 3, "min_samples_split": 6, "n_estimators": 500, "random_seed": 42, "tuning_strategy": "baseline_fijo_sin_tuning_interno", "uses_scaling": false}, "rows_eval": 23, "rows_modeling": 63, "selected_feature_count_avg": 83.0, "target_build_metadata": {"class_to_id_3": {"baja": 0, "se_mantiene": 1, "sube": 2}, "class_to_id_5": {"baja_fuerte": 0, "baja_moderada": 1, "se_mantiene": 2, "sube_fuerte": 4, "sube_moderada": 3}, "delta_definition": "delta_objetivo_h = y_{t+h} - y_t", "horizonte": 4, "target_mode_clf": "bandas_5clases", "taxonomy_5_classes": {"baja_fuerte": "cambio <= -3.0", "baja_moderada": "-3.0 < cambio <= -1.5", "se_mantiene": "-1.5 < cambio < 1.5", "sube_fuerte": "cambio >= 3.0", "sube_moderada": "1.5 <= cambio < 3.0"}}, "target_mode_clf": "bandas_5clases", "task_type": "clasificacion"} | O213: 0.35 | P213: 0.25 | Q213: 0.25 | R213: 0.1 | S213: 0.15 | X213: 0.0725 | AC213: corrido | AD213: RandomForestClassifier limpio con walk-forward temporal | hipotesis=rf_clf_mas_flexible_controlado | sin tuning interno | class_weight nativo por fold | AE213: run_c1_random_forest_classifier.py | AF213: Scripts/Modeling/run_c1_random_forest_classifier.py | AG213: Experimentos/runs/C1_v3_clean_20260330_085854 | AH213: Experimentos/runs/C1_v3_clean_20260330_085854/scripts/run_c1_random_forest_classifier.py | AI213: Experimentos/runs/C1_v3_clean_20260330_085854/parametros_run.json | AJ213: Experimentos/runs/C1_v3_clean_20260330_085854/metricas_horizonte.json | AK213: 2026-03-30 08:58:54 | AL213: clasificacion | AM213: 1 | AN213: 1 | AO213: 0.2 | AP213: 1 | AQ213: 0 | AR213: 0 | AS213: 0 | AT213: 0 | AU213: 0 | AV213: 1 | AW213: 0.33333333 | AX213: 1 | AY213: 0.0725
A214: 2026-03-30 09:04:43 | B214: E5_v2_clean | C214: E5 | D214: arboles_boosting | E214: catboost_regressor | F214: 1 | G214: nivel | H214: y_t + lags [1, 2, 3, 4, 5, 6] | I214: sentimiento_medios, v5_agua_neto, v5_alumbrado_neto, v5_americo_neto, v5_basura_neto, v5_corrupcion_neto, v5_delitos_neto, v5_morena_neto, v5_obras_neto, v5_prevencion_neto, v5_vialidad_neto | J214: sin_escalar | K214: corr | L214: walk-forward_expanding | M214: 2024-10-14 a 2026-03-02 | N214: {"feature_candidates": 83, "feature_mode": "corr", "horizon": 1, "initial_train_size": 40, "lags": [1, 2, 3, 4, 5, 6], "model": "catboost_regressor", "model_params": {"depth": 5, "iterations": 300, "l2_leaf_reg": 3.0, "learning_rate": 0.05, "loss_function": "RMSE", "random_seed": 42, "subsample": 0.8, "tuning_strategy": "baseline_fijo_sin_tuning_interno", "uses_categorical_features": false, "uses_scaling": false}, "rows_eval": 26, "rows_modeling": 66, "selected_feature_count_avg": 30.0, "target_mode": "nivel", "transform_mode": ""} | O214: 0.35 | P214: 0.25 | Q214: 0.25 | R214: 0.1 | S214: 0.3 | T214: 0.17229515 | U214: 0.19230769 | V214: 0.16666667 | W214: 0.65384615 | X214: 0.064629452 | Y214: 0.10601046 | Z214: 0.13054958 | AA214: 0.80769231 | AB214: 0.83333333 | AC214: corrido | AD214: CatBoost limpio con walk-forward temporal | hipotesis=catboost_corr_vs_all | baseline fijo sin tuning interno | sin escalado por naturaleza basada en arboles | sin variables categoricas explicitas, operando sobre features numericas | AE214: run_e5_catboost.py | AF214: Scripts/Modeling/run_e5_catboost.py | AG214: Experimentos/runs/E5_v2_clean_20260330_090443 | AH214: Experimentos/runs/E5_v2_clean_20260330_090443/scripts/run_e5_catboost.py | AI214: Experimentos/runs/E5_v2_clean_20260330_090443/parametros_run.json | AJ214: Experimentos/runs/E5_v2_clean_20260330_090443/metricas_horizonte.json | AK214: 2026-03-30 09:04:43 | AL214: regresion | AY214: 0.064629452
A215: 2026-03-30 09:04:43 | B215: E5_v2_clean | C215: E5 | D215: arboles_boosting | E215: catboost_regressor | F215: 2 | G215: nivel | H215: y_t + lags [1, 2, 3, 4, 5, 6] | I215: sentimiento_medios, v5_agua_neto, v5_alumbrado_neto, v5_americo_neto, v5_basura_neto, v5_corrupcion_neto, v5_delitos_neto, v5_morena_neto, v5_obras_neto, v5_prevencion_neto, v5_vialidad_neto | J215: sin_escalar | K215: corr | L215: walk-forward_expanding | M215: 2024-10-14 a 2026-03-02 | N215: {"feature_candidates": 83, "feature_mode": "corr", "horizon": 2, "initial_train_size": 40, "lags": [1, 2, 3, 4, 5, 6], "model": "catboost_regressor", "model_params": {"depth": 5, "iterations": 300, "l2_leaf_reg": 3.0, "learning_rate": 0.05, "loss_function": "RMSE", "random_seed": 42, "subsample": 0.8, "tuning_strategy": "baseline_fijo_sin_tuning_interno", "uses_categorical_features": false, "uses_scaling": false}, "rows_eval": 25, "rows_modeling": 65, "selected_feature_count_avg": 30.0, "target_mode": "nivel", "transform_mode": ""} | O215: 0.35 | P215: 0.25 | Q215: 0.25 | R215: 0.1 | S215: 0.25 | T215: 0.17205679 | U215: 0.4 | V215: 0.4 | W215: 0.68 | X215: 0.082054969 | Y215: 0.1058638 | Z215: 0.13486303 | AA215: 0.6 | AB215: 0.6 | AC215: corrido | AD215: CatBoost limpio con walk-forward temporal | hipotesis=catboost_corr_vs_all | baseline fijo sin tuning interno | sin escalado por naturaleza basada en arboles | sin variables categoricas explicitas, operando sobre features numericas | AE215: run_e5_catboost.py | AF215: Scripts/Modeling/run_e5_catboost.py | AG215: Experimentos/runs/E5_v2_clean_20260330_090443 | AH215: Experimentos/runs/E5_v2_clean_20260330_090443/scripts/run_e5_catboost.py | AI215: Experimentos/runs/E5_v2_clean_20260330_090443/parametros_run.json | AJ215: Experimentos/runs/E5_v2_clean_20260330_090443/metricas_horizonte.json | AK215: 2026-03-30 09:04:43 | AL215: regresion | AY215: 0.082054969
A216: 2026-03-30 09:04:43 | B216: E5_v2_clean | C216: E5 | D216: arboles_boosting | E216: catboost_regressor | F216: 3 | G216: nivel | H216: y_t + lags [1, 2, 3, 4, 5, 6] | I216: sentimiento_medios, v5_agua_neto, v5_alumbrado_neto, v5_americo_neto, v5_basura_neto, v5_corrupcion_neto, v5_delitos_neto, v5_morena_neto, v5_obras_neto, v5_prevencion_neto, v5_vialidad_neto | J216: sin_escalar | K216: corr | L216: walk-forward_expanding | M216: 2024-10-14 a 2026-03-02 | N216: {"feature_candidates": 83, "feature_mode": "corr", "horizon": 3, "initial_train_size": 40, "lags": [1, 2, 3, 4, 5, 6], "model": "catboost_regressor", "model_params": {"depth": 5, "iterations": 300, "l2_leaf_reg": 3.0, "learning_rate": 0.05, "loss_function": "RMSE", "random_seed": 42, "subsample": 0.8, "tuning_strategy": "baseline_fijo_sin_tuning_interno", "uses_categorical_features": false, "uses_scaling": false}, "rows_eval": 24, "rows_modeling": 64, "selected_feature_count_avg": 30.0, "target_mode": "nivel", "transform_mode": ""} | O216: 0.35 | P216: 0.25 | Q216: 0.25 | R216: 0.1 | S216: 0.3 | T216: 0.17926531 | U216: 0.20833333 | V216: 0.18181818 | W216: 0.75 | X216: 0.070584221 | Y216: 0.11029909 | Z216: 0.13853181 | AA216: 0.79166667 | AB216: 0.81818182 | AC216: corrido | AD216: CatBoost limpio con walk-forward temporal | hipotesis=catboost_corr_vs_all | baseline fijo sin tuning interno | sin escalado por naturaleza basada en arboles | sin variables categoricas explicitas, operando sobre features numericas | AE216: run_e5_catboost.py | AF216: Scripts/Modeling/run_e5_catboost.py | AG216: Experimentos/runs/E5_v2_clean_20260330_090443 | AH216: Experimentos/runs/E5_v2_clean_20260330_090443/scripts/run_e5_catboost.py | AI216: Experimentos/runs/E5_v2_clean_20260330_090443/parametros_run.json | AJ216: Experimentos/runs/E5_v2_clean_20260330_090443/metricas_horizonte.json | AK216: 2026-03-30 09:04:43 | AL216: regresion | AY216: 0.070584221
A217: 2026-03-30 09:04:43 | B217: E5_v2_clean | C217: E5 | D217: arboles_boosting | E217: catboost_regressor | F217: 4 | G217: nivel | H217: y_t + lags [1, 2, 3, 4, 5, 6] | I217: sentimiento_medios, v5_agua_neto, v5_alumbrado_neto, v5_americo_neto, v5_basura_neto, v5_corrupcion_neto, v5_delitos_neto, v5_morena_neto, v5_obras_neto, v5_prevencion_neto, v5_vialidad_neto | J217: sin_escalar | K217: corr | L217: walk-forward_expanding | M217: 2024-10-14 a 2026-03-02 | N217: {"feature_candidates": 83, "feature_mode": "corr", "horizon": 4, "initial_train_size": 40, "lags": [1, 2, 3, 4, 5, 6], "model": "catboost_regressor", "model_params": {"depth": 5, "iterations": 300, "l2_leaf_reg": 3.0, "learning_rate": 0.05, "loss_function": "RMSE", "random_seed": 42, "subsample": 0.8, "tuning_strategy": "baseline_fijo_sin_tuning_interno", "uses_categorical_features": false, "uses_scaling": false}, "rows_eval": 23, "rows_modeling": 63, "selected_feature_count_avg": 30.0, "target_mode": "nivel", "transform_mode": ""} | O217: 0.35 | P217: 0.25 | Q217: 0.25 | R217: 0.1 | S217: 0.15 | T217: 0.17569153 | U217: 0.34782609 | V217: 0.33333333 | W217: 0.65217391 | X217: 0.044549892 | Y217: 0.1081002 | Z217: 0.150164 | AA217: 0.65217391 | AB217: 0.66666667 | AC217: corrido | AD217: CatBoost limpio con walk-forward temporal | hipotesis=catboost_corr_vs_all | baseline fijo sin tuning interno | sin escalado por naturaleza basada en arboles | sin variables categoricas explicitas, operando sobre features numericas | AE217: run_e5_catboost.py | AF217: Scripts/Modeling/run_e5_catboost.py | AG217: Experimentos/runs/E5_v2_clean_20260330_090443 | AH217: Experimentos/runs/E5_v2_clean_20260330_090443/scripts/run_e5_catboost.py | AI217: Experimentos/runs/E5_v2_clean_20260330_090443/parametros_run.json | AJ217: Experimentos/runs/E5_v2_clean_20260330_090443/metricas_horizonte.json | AK217: 2026-03-30 09:04:43 | AL217: regresion | AY217: 0.044549892
A218: 2026-03-30 09:08:00 | B218: E5_v3_clean | C218: E5 | D218: arboles_boosting | E218: catboost_regressor | F218: 1 | G218: nivel | H218: y_t + lags [1, 2, 3, 4, 5, 6] | I218: sentimiento_medios, v5_agua_neto, v5_alumbrado_neto, v5_americo_neto, v5_basura_neto, v5_corrupcion_neto, v5_delitos_neto, v5_morena_neto, v5_obras_neto, v5_prevencion_neto, v5_vialidad_neto | J218: sin_escalar | K218: all | L218: walk-forward_expanding | M218: 2024-10-14 a 2026-03-02 | N218: {"feature_candidates": 83, "feature_mode": "all", "horizon": 1, "initial_train_size": 40, "lags": [1, 2, 3, 4, 5, 6], "model": "catboost_regressor", "model_params": {"depth": 4, "iterations": 300, "l2_leaf_reg": 3.0, "learning_rate": 0.05, "loss_function": "RMSE", "random_seed": 42, "subsample": 0.8, "tuning_strategy": "baseline_fijo_sin_tuning_interno", "uses_categorical_features": false, "uses_scaling": false}, "rows_eval": 26, "rows_modeling": 66, "selected_feature_count_avg": 83.0, "target_mode": "nivel", "transform_mode": ""} | O218: 0.35 | P218: 0.25 | Q218: 0.25 | R218: 0.1 | S218: 0.3 | T218: 0.15917324 | U218: 0.15384615 | V218: 0.16666667 | W218: 0.65384615 | X218: 0.060367036 | Y218: 0.097936756 | Z218: 0.12836335 | AA218: 0.84615385 | AB218: 0.83333333 | AC218: corrido | AD218: CatBoost limpio con walk-forward temporal | hipotesis=catboost_depth4_vs_depth5 | baseline fijo sin tuning interno | sin escalado por naturaleza basada en arboles | sin variables categoricas explicitas, operando sobre features numericas | AE218: run_e5_catboost.py | AF218: Scripts/Modeling/run_e5_catboost.py | AG218: Experimentos/runs/E5_v3_clean_20260330_090800 | AH218: Experimentos/runs/E5_v3_clean_20260330_090800/scripts/run_e5_catboost.py | AI218: Experimentos/runs/E5_v3_clean_20260330_090800/parametros_run.json | AJ218: Experimentos/runs/E5_v3_clean_20260330_090800/metricas_horizonte.json | AK218: 2026-03-30 09:08:00 | AL218: regresion | AY218: 0.060367036
A219: 2026-03-30 09:08:00 | B219: E5_v3_clean | C219: E5 | D219: arboles_boosting | E219: catboost_regressor | F219: 2 | G219: nivel | H219: y_t + lags [1, 2, 3, 4, 5, 6] | I219: sentimiento_medios, v5_agua_neto, v5_alumbrado_neto, v5_americo_neto, v5_basura_neto, v5_corrupcion_neto, v5_delitos_neto, v5_morena_neto, v5_obras_neto, v5_prevencion_neto, v5_vialidad_neto | J219: sin_escalar | K219: all | L219: walk-forward_expanding | M219: 2024-10-14 a 2026-03-02 | N219: {"feature_candidates": 83, "feature_mode": "all", "horizon": 2, "initial_train_size": 40, "lags": [1, 2, 3, 4, 5, 6], "model": "catboost_regressor", "model_params": {"depth": 4, "iterations": 300, "l2_leaf_reg": 3.0, "learning_rate": 0.05, "loss_function": "RMSE", "random_seed": 42, "subsample": 0.8, "tuning_strategy": "baseline_fijo_sin_tuning_interno", "uses_categorical_features": false, "uses_scaling": false}, "rows_eval": 25, "rows_modeling": 65, "selected_feature_count_avg": 83.0, "target_mode": "nivel", "transform_mode": ""} | O219: 0.35 | P219: 0.25 | Q219: 0.25 | R219: 0.1 | S219: 0.25 | T219: 0.17053352 | U219: 0.4 | V219: 0.4 | W219: 0.68 | X219: 0.081921683 | Y219: 0.10492656 | Z219: 0.13302885 | AA219: 0.6 | AB219: 0.6 | AC219: corrido | AD219: CatBoost limpio con walk-forward temporal | hipotesis=catboost_depth4_vs_depth5 | baseline fijo sin tuning interno | sin escalado por naturaleza basada en arboles | sin variables categoricas explicitas, operando sobre features numericas | AE219: run_e5_catboost.py | AF219: Scripts/Modeling/run_e5_catboost.py | AG219: Experimentos/runs/E5_v3_clean_20260330_090800 | AH219: Experimentos/runs/E5_v3_clean_20260330_090800/scripts/run_e5_catboost.py | AI219: Experimentos/runs/E5_v3_clean_20260330_090800/parametros_run.json | AJ219: Experimentos/runs/E5_v3_clean_20260330_090800/metricas_horizonte.json | AK219: 2026-03-30 09:08:00 | AL219: regresion | AY219: 0.081921683
A220: 2026-03-30 09:08:00 | B220: E5_v3_clean | C220: E5 | D220: arboles_boosting | E220: catboost_regressor | F220: 3 | G220: nivel | H220: y_t + lags [1, 2, 3, 4, 5, 6] | I220: sentimiento_medios, v5_agua_neto, v5_alumbrado_neto, v5_americo_neto, v5_basura_neto, v5_corrupcion_neto, v5_delitos_neto, v5_morena_neto, v5_obras_neto, v5_prevencion_neto, v5_vialidad_neto | J220: sin_escalar | K220: all | L220: walk-forward_expanding | M220: 2024-10-14 a 2026-03-02 | N220: {"feature_candidates": 83, "feature_mode": "all", "horizon": 3, "initial_train_size": 40, "lags": [1, 2, 3, 4, 5, 6], "model": "catboost_regressor", "model_params": {"depth": 4, "iterations": 300, "l2_leaf_reg": 3.0, "learning_rate": 0.05, "loss_function": "RMSE", "random_seed": 42, "subsample": 0.8, "tuning_strategy": "baseline_fijo_sin_tuning_interno", "uses_categorical_features": false, "uses_scaling": false}, "rows_eval": 24, "rows_modeling": 64, "selected_feature_count_avg": 83.0, "target_mode": "nivel", "transform_mode": ""} | O220: 0.35 | P220: 0.25 | Q220: 0.25 | R220: 0.1 | S220: 0.3 | T220: 0.17819786 | U220: 0.20833333 | V220: 0.18181818 | W220: 0.75 | X220: 0.070472139 | Y220: 0.1096423 | Z220: 0.13758002 | AA220: 0.79166667 | AB220: 0.81818182 | AC220: corrido | AD220: CatBoost limpio con walk-forward temporal | hipotesis=catboost_depth4_vs_depth5 | baseline fijo sin tuning interno | sin escalado por naturaleza basada en arboles | sin variables categoricas explicitas, operando sobre features numericas | AE220: run_e5_catboost.py | AF220: Scripts/Modeling/run_e5_catboost.py | AG220: Experimentos/runs/E5_v3_clean_20260330_090800 | AH220: Experimentos/runs/E5_v3_clean_20260330_090800/scripts/run_e5_catboost.py | AI220: Experimentos/runs/E5_v3_clean_20260330_090800/parametros_run.json | AJ220: Experimentos/runs/E5_v3_clean_20260330_090800/metricas_horizonte.json | AK220: 2026-03-30 09:08:00 | AL220: regresion | AY220: 0.070472139
A221: 2026-03-30 09:08:00 | B221: E5_v3_clean | C221: E5 | D221: arboles_boosting | E221: catboost_regressor | F221: 4 | G221: nivel | H221: y_t + lags [1, 2, 3, 4, 5, 6] | I221: sentimiento_medios, v5_agua_neto, v5_alumbrado_neto, v5_americo_neto, v5_basura_neto, v5_corrupcion_neto, v5_delitos_neto, v5_morena_neto, v5_obras_neto, v5_prevencion_neto, v5_vialidad_neto | J221: sin_escalar | K221: all | L221: walk-forward_expanding | M221: 2024-10-14 a 2026-03-02 | N221: {"feature_candidates": 83, "feature_mode": "all", "horizon": 4, "initial_train_size": 40, "lags": [1, 2, 3, 4, 5, 6], "model": "catboost_regressor", "model_params": {"depth": 4, "iterations": 300, "l2_leaf_reg": 3.0, "learning_rate": 0.05, "loss_function": "RMSE", "random_seed": 42, "subsample": 0.8, "tuning_strategy": "baseline_fijo_sin_tuning_interno", "uses_categorical_features": false, "uses_scaling": false}, "rows_eval": 23, "rows_modeling": 63, "selected_feature_count_avg": 83.0, "target_mode": "nivel", "transform_mode": ""} | O221: 0.35 | P221: 0.25 | Q221: 0.25 | R221: 0.1 | S221: 0.15 | T221: 0.17266696 | U221: 0.34782609 | V221: 0.44444444 | W221: 0.65217391 | X221: 0.048557769 | Y221: 0.10623923 | Z221: 0.14843273 | AA221: 0.65217391 | AB221: 0.55555556 | AC221: corrido | AD221: CatBoost limpio con walk-forward temporal | hipotesis=catboost_depth4_vs_depth5 | baseline fijo sin tuning interno | sin escalado por naturaleza basada en arboles | sin variables categoricas explicitas, operando sobre features numericas | AE221: run_e5_catboost.py | AF221: Scripts/Modeling/run_e5_catboost.py | AG221: Experimentos/runs/E5_v3_clean_20260330_090800 | AH221: Experimentos/runs/E5_v3_clean_20260330_090800/scripts/run_e5_catboost.py | AI221: Experimentos/runs/E5_v3_clean_20260330_090800/parametros_run.json | AJ221: Experimentos/runs/E5_v3_clean_20260330_090800/metricas_horizonte.json | AK221: 2026-03-30 09:08:00 | AL221: regresion | AY221: 0.048557769
A222: 2026-03-30 09:17:36 | B222: E5_v4_clean | C222: E5 | D222: arboles_boosting | E222: catboost_regressor | F222: 1 | G222: nivel | H222: y_t + lags [1, 2, 3, 4, 5, 6] | I222: sentimiento_medios, v5_agua_neto, v5_alumbrado_neto, v5_americo_neto, v5_basura_neto, v5_corrupcion_neto, v5_delitos_neto, v5_morena_neto, v5_obras_neto, v5_prevencion_neto, v5_vialidad_neto | J222: sin_escalar | K222: all | L222: walk-forward_expanding | M222: 2024-10-14 a 2026-03-02 | N222: {"feature_candidates": 83, "feature_mode": "all", "horizon": 1, "initial_train_size": 40, "lags": [1, 2, 3, 4, 5, 6], "model": "catboost_regressor", "model_params": {"depth": 5, "inner_splits": 3, "iterations": 300, "l2_leaf_reg": 3.0, "learning_rate": 0.05, "loss_function": "RMSE", "param_grid": {"depth": [4, 5], "iterations": [250, 300], "l2_leaf_reg": [3.0, 5.0]}, "random_seed": 42, "subsample": 0.8, "tuning_metric": "mae", "tuning_strategy": "tscv_param_grid_temporal", "uses_categorical_features": false, "uses_scaling": false}, "rows_eval": 26, "rows_modeling": 66, "selected_feature_count_avg": 83.0, "target_mode": "nivel", "transform_mode": ""} | O222: 0.35 | P222: 0.25 | Q222: 0.25 | R222: 0.1 | S222: 0.3 | T222: 0.15530394 | U222: 0.19230769 | V222: 0.16666667 | W222: 0.65384615 | X222: 0.062845376 | Y222: 0.095556042 | Z222: 0.12517914 | AA222: 0.80769231 | AB222: 0.83333333 | AC222: corrido | AD222: CatBoost limpio con walk-forward temporal | hipotesis=catboost_tuning_temporal_acotado | tuning temporal interno | metric=mae | inner_splits=3 | sin escalado por naturaleza basada en arboles | sin variables categoricas explicitas, operando sobre features numericas | AE222: run_e5_catboost.py | AF222: Scripts/Modeling/run_e5_catboost.py | AG222: Experimentos/runs/E5_v4_clean_20260330_091736 | AH222: Experimentos/runs/E5_v4_clean_20260330_091736/scripts/run_e5_catboost.py | AI222: Experimentos/runs/E5_v4_clean_20260330_091736/parametros_run.json | AJ222: Experimentos/runs/E5_v4_clean_20260330_091736/metricas_horizonte.json | AK222: 2026-03-30 09:17:36 | AL222: regresion | AY222: 0.062845376
A223: 2026-03-30 09:17:36 | B223: E5_v4_clean | C223: E5 | D223: arboles_boosting | E223: catboost_regressor | F223: 2 | G223: nivel | H223: y_t + lags [1, 2, 3, 4, 5, 6] | I223: sentimiento_medios, v5_agua_neto, v5_alumbrado_neto, v5_americo_neto, v5_basura_neto, v5_corrupcion_neto, v5_delitos_neto, v5_morena_neto, v5_obras_neto, v5_prevencion_neto, v5_vialidad_neto | J223: sin_escalar | K223: all | L223: walk-forward_expanding | M223: 2024-10-14 a 2026-03-02 | N223: {"feature_candidates": 83, "feature_mode": "all", "horizon": 2, "initial_train_size": 40, "lags": [1, 2, 3, 4, 5, 6], "model": "catboost_regressor", "model_params": {"depth": 5, "inner_splits": 3, "iterations": 300, "l2_leaf_reg": 3.0, "learning_rate": 0.05, "loss_function": "RMSE", "param_grid": {"depth": [4, 5], "iterations": [250, 300], "l2_leaf_reg": [3.0, 5.0]}, "random_seed": 42, "subsample": 0.8, "tuning_metric": "mae", "tuning_strategy": "tscv_param_grid_temporal", "uses_categorical_features": false, "uses_scaling": false}, "rows_eval": 25, "rows_modeling": 65, "selected_feature_count_avg": 83.0, "target_mode": "nivel", "transform_mode": ""} | O223: 0.35 | P223: 0.25 | Q223: 0.25 | R223: 0.1 | S223: 0.25 | T223: 0.16915078 | U223: 0.4 | V223: 0.4 | W223: 0.68 | X223: 0.081800693 | Y223: 0.10407578 | Z223: 0.13216864 | AA223: 0.6 | AB223: 0.6 | AC223: corrido | AD223: CatBoost limpio con walk-forward temporal | hipotesis=catboost_tuning_temporal_acotado | tuning temporal interno | metric=mae | inner_splits=3 | sin escalado por naturaleza basada en arboles | sin variables categoricas explicitas, operando sobre features numericas | AE223: run_e5_catboost.py | AF223: Scripts/Modeling/run_e5_catboost.py | AG223: Experimentos/runs/E5_v4_clean_20260330_091736 | AH223: Experimentos/runs/E5_v4_clean_20260330_091736/scripts/run_e5_catboost.py | AI223: Experimentos/runs/E5_v4_clean_20260330_091736/parametros_run.json | AJ223: Experimentos/runs/E5_v4_clean_20260330_091736/metricas_horizonte.json | AK223: 2026-03-30 09:17:36 | AL223: regresion | AY223: 0.081800693
A224: 2026-03-30 09:17:36 | B224: E5_v4_clean | C224: E5 | D224: arboles_boosting | E224: catboost_regressor | F224: 3 | G224: nivel | H224: y_t + lags [1, 2, 3, 4, 5, 6] | I224: sentimiento_medios, v5_agua_neto, v5_alumbrado_neto, v5_americo_neto, v5_basura_neto, v5_corrupcion_neto, v5_delitos_neto, v5_morena_neto, v5_obras_neto, v5_prevencion_neto, v5_vialidad_neto | J224: sin_escalar | K224: all | L224: walk-forward_expanding | M224: 2024-10-14 a 2026-03-02 | N224: {"feature_candidates": 83, "feature_mode": "all", "horizon": 3, "initial_train_size": 40, "lags": [1, 2, 3, 4, 5, 6], "model": "catboost_regressor", "model_params": {"depth": 5, "inner_splits": 3, "iterations": 300, "l2_leaf_reg": 3.0, "learning_rate": 0.05, "loss_function": "RMSE", "param_grid": {"depth": [4, 5], "iterations": [250, 300], "l2_leaf_reg": [3.0, 5.0]}, "random_seed": 42, "subsample": 0.8, "tuning_metric": "mae", "tuning_strategy": "tscv_param_grid_temporal", "uses_categorical_features": false, "uses_scaling": false}, "rows_eval": 24, "rows_modeling": 64, "selected_feature_count_avg": 83.0, "target_mode": "nivel", "transform_mode": ""} | O224: 0.35 | P224: 0.25 | Q224: 0.25 | R224: 0.1 | S224: 0.3 | T224: 0.17049199 | U224: 0.20833333 | V224: 0.18181818 | W224: 0.66666667 | X224: 0.067163022 | Y224: 0.104901 | Z224: 0.13397016 | AA224: 0.79166667 | AB224: 0.81818182 | AC224: corrido | AD224: CatBoost limpio con walk-forward temporal | hipotesis=catboost_tuning_temporal_acotado | tuning temporal interno | metric=mae | inner_splits=3 | sin escalado por naturaleza basada en arboles | sin variables categoricas explicitas, operando sobre features numericas | AE224: run_e5_catboost.py | AF224: Scripts/Modeling/run_e5_catboost.py | AG224: Experimentos/runs/E5_v4_clean_20260330_091736 | AH224: Experimentos/runs/E5_v4_clean_20260330_091736/scripts/run_e5_catboost.py | AI224: Experimentos/runs/E5_v4_clean_20260330_091736/parametros_run.json | AJ224: Experimentos/runs/E5_v4_clean_20260330_091736/metricas_horizonte.json | AK224: 2026-03-30 09:17:36 | AL224: regresion | AY224: 0.067163022
A225: 2026-03-30 09:17:36 | B225: E5_v4_clean | C225: E5 | D225: arboles_boosting | E225: catboost_regressor | F225: 4 | G225: nivel | H225: y_t + lags [1, 2, 3, 4, 5, 6] | I225: sentimiento_medios, v5_agua_neto, v5_alumbrado_neto, v5_americo_neto, v5_basura_neto, v5_corrupcion_neto, v5_delitos_neto, v5_morena_neto, v5_obras_neto, v5_prevencion_neto, v5_vialidad_neto | J225: sin_escalar | K225: all | L225: walk-forward_expanding | M225: 2024-10-14 a 2026-03-02 | N225: {"feature_candidates": 83, "feature_mode": "all", "horizon": 4, "initial_train_size": 40, "lags": [1, 2, 3, 4, 5, 6], "model": "catboost_regressor", "model_params": {"depth": 5, "inner_splits": 3, "iterations": 300, "l2_leaf_reg": 3.0, "learning_rate": 0.05, "loss_function": "RMSE", "param_grid": {"depth": [4, 5], "iterations": [250, 300], "l2_leaf_reg": [3.0, 5.0]}, "random_seed": 42, "subsample": 0.8, "tuning_metric": "mae", "tuning_strategy": "tscv_param_grid_temporal", "uses_categorical_features": false, "uses_scaling": false}, "rows_eval": 23, "rows_modeling": 63, "selected_feature_count_avg": 83.0, "target_mode": "nivel", "transform_mode": ""} | O225: 0.35 | P225: 0.25 | Q225: 0.25 | R225: 0.1 | S225: 0.15 | T225: 0.16633277 | U225: 0.26086957 | V225: 0.22222222 | W225: 0.60869565 | X225: 0.035978847 | Y225: 0.1023419 | Z225: 0.1477859 | AA225: 0.73913043 | AB225: 0.77777778 | AC225: corrido | AD225: CatBoost limpio con walk-forward temporal | hipotesis=catboost_tuning_temporal_acotado | tuning temporal interno | metric=mae | inner_splits=3 | sin escalado por naturaleza basada en arboles | sin variables categoricas explicitas, operando sobre features numericas | AE225: run_e5_catboost.py | AF225: Scripts/Modeling/run_e5_catboost.py | AG225: Experimentos/runs/E5_v4_clean_20260330_091736 | AH225: Experimentos/runs/E5_v4_clean_20260330_091736/scripts/run_e5_catboost.py | AI225: Experimentos/runs/E5_v4_clean_20260330_091736/parametros_run.json | AJ225: Experimentos/runs/E5_v4_clean_20260330_091736/metricas_horizonte.json | AK225: 2026-03-30 09:17:36 | AL225: regresion | AY225: 0.035978847
... A279: 2026-04-14 05:00:18 | B279: OP_W14_CONTROLLED | C279: E1 | D279: lineal_regularizado | E279: ridge_tscv | F279: 1 | G279: nivel | H279: y_t + lags [1, 2, 3, 4] | I279: sentimiento_medios, v5_agua_neto, v5_alumbrado_neto, v5_americo_neto, v5_basura_neto, v5_corrupcion_neto, v5_delitos_neto, v5_morena_neto, v5_obras_neto, v5_prevencion_neto, v5_vialidad_neto | J279: standard_scaler | K279: all | L279: walk-forward_expanding | M279: 2024-10-14 a 2026-03-02 | N279: {"feature_candidates": 59, "feature_mode": "all", "horizon": 1, "initial_train_size": 40, "lags": [1, 2, 3, 4], "model": "ridge_tscv", "model_params": {"alpha_grid": [9.999999999999999e-05, 0.0001603718743751331, 0.00025719138090593444, 0.0004124626382901352, 0.0006614740641230145, 0.001060818355139448, 0.0017012542798525892, 0.002728333376486769, 0.004375479375074184, 0.007017038286703822, 0.011253355826007646, 0.0180472176682717, 0.028942661247167517, 0.046415888336127774, 0.07443803013251689, 0.11937766417144358, 0.19144819761699575, 0.30702906297578497, 0.4923882631706737, 0.7896522868499725, 1.266380173467402, 2.030917620904735, 3.2570206556597827, 5.2233450742668435, 8.376776400682923, 13.433993325988988, 21.54434690031882, 34.55107294592218, 55.41020330009491, 88.86238162743408, 142.51026703029964, 228.54638641349882, 366.52412370796264, 587.8016072274911, 942.6684551178854, 1511.77507061566, 2424.4620170823255, 3888.155180308085, 6235.507341273912, 10000.0], "alpha_selection_metric": "mae", "inner_splits": 3, "transform_mode": "standard", "winsor_lower_quantile": 0.05, "winsor_upper_quantile": 0.95}, "rows_eval": 28, "rows_modeling": 68, "selected_feature_count_avg": 59.0, "target_mode": "nivel", "transform_mode": "standard"} | O279: 0.35 | P279: 0.25 | Q279: 0.25 | R279: 0.1 | S279: 0.3 | T279: 0.17686098 | U279: 0.17857143 | V279: 0.23076923 | W279: 0.85714286 | X279: 0.074985238 | Y279: 0.10881974 | Z279: 0.13402141 | AA279: 0.82142857 | AB279: 0.76923077 | AC279: corrido | AD279: Ridge limpio con tuning temporal interno | metric=mae | inner_splits=3 | AE279: run_e1_ridge_clean.py | AF279: src/modeling/runners/run_e1_ridge_clean.py | AG279: experiments/runs/OP_W14_CONTROLLED_20260414_050018 | AH279: experiments/runs/OP_W14_CONTROLLED_20260414_050018/scripts/run_e1_ridge_clean.py | AI279: experiments/runs/OP_W14_CONTROLLED_20260414_050018/parametros_run.json | AJ279: experiments/runs/OP_W14_CONTROLLED_20260414_050018/metricas_horizonte.json | AK279: 2026-04-14 05:00:18 | AL279: regresion | AY279: 0.074985238

Sheet RUN_SUMMARY
A1: Run_ID | B1: Experiment_ID | C1: Modelo | D1: Familia | E1: Horizons_loaded | F1: Sum_weighted_Loss_h | G1: L_coh | H1: eta | I1: L_total_Radar | J1: Avg_MAE | K1: Avg_RMSE | L1: Dir_acc_prom | M1: Det_caidas_prom | N1: Decision | O1: Ranking | P1: Comentarios | Q1: Script_nombre | R1: Script_ruta | S1: Run_dir | T1: Snapshot_script | U1: Parametros_ruta_json | V1: Resultados_ruta_json | W1: Timestamp_run | X1: Task_type | Y1: L_total_Clasificacion | Z1: Avg_Accuracy_5clases | AA1: Avg_Balanced_accuracy_5clases | AB1: Avg_Macro_f1_5clases | AC1: Avg_Weighted_f1_5clases | AD1: Avg_Recall_baja_fuerte | AE1: Avg_Recall_baja_total | AF1: Avg_Precision_baja_fuerte | AG1: Avg_Recall_sube_fuerte | AH1: Avg_Recall_sube_total | AI1: Avg_Accuracy_3clases | AJ1: Avg_Macro_f1_3clases | AK1: Avg_Balanced_accuracy_3clases
A2: E1_v1 | B2: E1 | C2: RidgeCV | D2: lineal | E2: 4 | F2: 0.2610613 | H2: 0.05 | I2: 0.2610613 | J2: 0.10483701 | K2: 0.13524448 | L2: 0.74504375 | M2: 0.74647436 | P2: Retrointegrado desde metricas_horizonte.json para persistir resumen numerico. | Q2: run_e1_ridge.py | R2: Scripts/Modeling/run_e1_ridge.py | S2: Experimentos/runs/E1_v1_20260321_063715 | T2: Experimentos/runs/E1_v1_20260321_063715/scripts/run_e1_ridge.py | U2: Experimentos/runs/E1_v1_20260321_063715/parametros_run.json | V2: Experimentos/runs/E1_v1_20260321_063715/metricas_horizonte.json | W2: 2026-03-21 06:37:15
A3: E2_v1 | B3: =IF($A3="","",IFERROR(INDEX(RESULTADOS_GRID!$C:$C,MATCH($A3,RESULTADOS_GRID!$B:$B,0)),"")) | C3: =IF($A3="","",IFERROR(INDEX(RESULTADOS_GRID!$E:$E,MATCH($A3,RESULTADOS_GRID!$B:$B,0)),"")) | D3: =IF($A3="","",IFERROR(INDEX(RESULTADOS_GRID!$D:$D,MATCH($A3,RESULTADOS_GRID!$B:$B,0)),"")) | E3: =IF($A3="","",COUNTIF(RESULTADOS_GRID!$B:$B,$A3)) | F3: =IF($A3="","",SUMIF(RESULTADOS_GRID!$B:$B,$A3,RESULTADOS_GRID!$X:$X)) | H3: =CONFIG_REFERENCIA!$E$7 | I3: =IF($A3="","",$F3+N($G3)*$H3) | J3: =IF($A3="","",IF((COUNTIFS(RESULTADOS_GRID!$B:$B,$A3,RESULTADOS_GRID!$Y:$Y,">=0")+COUNTIFS(RESULTADOS_GRID!$B:$B,$A3,RESULTADOS_GRID!$Y:$Y,"<0"))=0,"",SUMIF(RESULTADOS_GRID!$B:$B,$A3,RESULTADOS_GRID!$Y:$Y)/(COUNTIFS(RESULTADOS_GRID!$B:$B,$A3,RESULTADOS_GRID!$Y:$Y,">=0")+COUNTIFS(RESULTADOS_GRID!$B:$B,$A3,RESULTADOS_GRID!$Y:$Y,"<0")))) | K3: =IF($A3="","",IF((COUNTIFS(RESULTADOS_GRID!$B:$B,$A3,RESULTADOS_GRID!$Z:$Z,">=0")+COUNTIFS(RESULTADOS_GRID!$B:$B,$A3,RESULTADOS_GRID!$Z:$Z,"<0"))=0,"",SUMIF(RESULTADOS_GRID!$B:$B,$A3,RESULTADOS_GRID!$Z:$Z)/(COUNTIFS(RESULTADOS_GRID!$B:$B,$A3,RESULTADOS_GRID!$Z:$Z,">=0")+COUNTIFS(RESULTADOS_GRID!$B:$B,$A3,RESULTADOS_GRID!$Z:$Z,"<0")))) | L3: =IF($A3="","",IF((COUNTIFS(RESULTADOS_GRID!$B:$B,$A3,RESULTADOS_GRID!$AA:$AA,">=0")+COUNTIFS(RESULTADOS_GRID!$B:$B,$A3,RESULTADOS_GRID!$AA:$AA,"<0"))=0,"",SUMIF(RESULTADOS_GRID!$B:$B,$A3,RESULTADOS_GRID!$AA:$AA)/(COUNTIFS(RESULTADOS_GRID!$B:$B,$A3,RESULTADOS_GRID!$AA:$AA,">=0")+COUNTIFS(RESULTADOS_GRID!$B:$B,$A3,RESULTADOS_GRID!$AA:$AA,"<0")))) | M3: =IF($A3="","",IF((COUNTIFS(RESULTADOS_GRID!$B:$B,$A3,RESULTADOS_GRID!$AB:$AB,">=0")+COUNTIFS(RESULTADOS_GRID!$B:$B,$A3,RESULTADOS_GRID!$AB:$AB,"<0"))=0,"",SUMIF(RESULTADOS_GRID!$B:$B,$A3,RESULTADOS_GRID!$AB:$AB)/(COUNTIFS(RESULTADOS_GRID!$B:$B,$A3,RESULTADOS_GRID!$AB:$AB,">=0")+COUNTIFS(RESULTADOS_GRID!$B:$B,$A3,RESULTADOS_GRID!$AB:$AB,"<0")))) | O3: =IF($I3="","",COUNTIFS($I$2:$I$101,"<"&$I3)+1)
A4: E3_v1 | B4: =IF($A4="","",IFERROR(INDEX(RESULTADOS_GRID!$C:$C,MATCH($A4,RESULTADOS_GRID!$B:$B,0)),"")) | C4: =IF($A4="","",IFERROR(INDEX(RESULTADOS_GRID!$E:$E,MATCH($A4,RESULTADOS_GRID!$B:$B,0)),"")) | D4: =IF($A4="","",IFERROR(INDEX(RESULTADOS_GRID!$D:$D,MATCH($A4,RESULTADOS_GRID!$B:$B,0)),"")) | E4: =IF($A4="","",COUNTIF(RESULTADOS_GRID!$B:$B,$A4)) | F4: =IF($A4="","",SUMIF(RESULTADOS_GRID!$B:$B,$A4,RESULTADOS_GRID!$X:$X)) | H4: =CONFIG_REFERENCIA!$E$7 | I4: =IF($A4="","",$F4+N($G4)*$H4) | J4: =IF($A4="","",IF((COUNTIFS(RESULTADOS_GRID!$B:$B,$A4,RESULTADOS_GRID!$Y:$Y,">=0")+COUNTIFS(RESULTADOS_GRID!$B:$B,$A4,RESULTADOS_GRID!$Y:$Y,"<0"))=0,"",SUMIF(RESULTADOS_GRID!$B:$B,$A4,RESULTADOS_GRID!$Y:$Y)/(COUNTIFS(RESULTADOS_GRID!$B:$B,$A4,RESULTADOS_GRID!$Y:$Y,">=0")+COUNTIFS(RESULTADOS_GRID!$B:$B,$A4,RESULTADOS_GRID!$Y:$Y,"<0")))) | K4: =IF($A4="","",IF((COUNTIFS(RESULTADOS_GRID!$B:$B,$A4,RESULTADOS_GRID!$Z:$Z,">=0")+COUNTIFS(RESULTADOS_GRID!$B:$B,$A4,RESULTADOS_GRID!$Z:$Z,"<0"))=0,"",SUMIF(RESULTADOS_GRID!$B:$B,$A4,RESULTADOS_GRID!$Z:$Z)/(COUNTIFS(RESULTADOS_GRID!$B:$B,$A4,RESULTADOS_GRID!$Z:$Z,">=0")+COUNTIFS(RESULTADOS_GRID!$B:$B,$A4,RESULTADOS_GRID!$Z:$Z,"<0")))) | L4: =IF($A4="","",IF((COUNTIFS(RESULTADOS_GRID!$B:$B,$A4,RESULTADOS_GRID!$AA:$AA,">=0")+COUNTIFS(RESULTADOS_GRID!$B:$B,$A4,RESULTADOS_GRID!$AA:$AA,"<0"))=0,"",SUMIF(RESULTADOS_GRID!$B:$B,$A4,RESULTADOS_GRID!$AA:$AA)/(COUNTIFS(RESULTADOS_GRID!$B:$B,$A4,RESULTADOS_GRID!$AA:$AA,">=0")+COUNTIFS(RESULTADOS_GRID!$B:$B,$A4,RESULTADOS_GRID!$AA:$AA,"<0")))) | M4: =IF($A4="","",IF((COUNTIFS(RESULTADOS_GRID!$B:$B,$A4,RESULTADOS_GRID!$AB:$AB,">=0")+COUNTIFS(RESULTADOS_GRID!$B:$B,$A4,RESULTADOS_GRID!$AB:$AB,"<0"))=0,"",SUMIF(RESULTADOS_GRID!$B:$B,$A4,RESULTADOS_GRID!$AB:$AB)/(COUNTIFS(RESULTADOS_GRID!$B:$B,$A4,RESULTADOS_GRID!$AB:$AB,">=0")+COUNTIFS(RESULTADOS_GRID!$B:$B,$A4,RESULTADOS_GRID!$AB:$AB,"<0")))) | O4: =IF($I4="","",COUNTIFS($I$2:$I$101,"<"&$I4)+1)
A5: E4_v1 | B5: =IF($A5="","",IFERROR(INDEX(RESULTADOS_GRID!$C:$C,MATCH($A5,RESULTADOS_GRID!$B:$B,0)),"")) | C5: =IF($A5="","",IFERROR(INDEX(RESULTADOS_GRID!$E:$E,MATCH($A5,RESULTADOS_GRID!$B:$B,0)),"")) | D5: =IF($A5="","",IFERROR(INDEX(RESULTADOS_GRID!$D:$D,MATCH($A5,RESULTADOS_GRID!$B:$B,0)),"")) | E5: =IF($A5="","",COUNTIF(RESULTADOS_GRID!$B:$B,$A5)) | F5: =IF($A5="","",SUMIF(RESULTADOS_GRID!$B:$B,$A5,RESULTADOS_GRID!$X:$X)) | H5: =CONFIG_REFERENCIA!$E$7 | I5: =IF($A5="","",$F5+N($G5)*$H5) | J5: =IF($A5="","",IF((COUNTIFS(RESULTADOS_GRID!$B:$B,$A5,RESULTADOS_GRID!$Y:$Y,">=0")+COUNTIFS(RESULTADOS_GRID!$B:$B,$A5,RESULTADOS_GRID!$Y:$Y,"<0"))=0,"",SUMIF(RESULTADOS_GRID!$B:$B,$A5,RESULTADOS_GRID!$Y:$Y)/(COUNTIFS(RESULTADOS_GRID!$B:$B,$A5,RESULTADOS_GRID!$Y:$Y,">=0")+COUNTIFS(RESULTADOS_GRID!$B:$B,$A5,RESULTADOS_GRID!$Y:$Y,"<0")))) | K5: =IF($A5="","",IF((COUNTIFS(RESULTADOS_GRID!$B:$B,$A5,RESULTADOS_GRID!$Z:$Z,">=0")+COUNTIFS(RESULTADOS_GRID!$B:$B,$A5,RESULTADOS_GRID!$Z:$Z,"<0"))=0,"",SUMIF(RESULTADOS_GRID!$B:$B,$A5,RESULTADOS_GRID!$Z:$Z)/(COUNTIFS(RESULTADOS_GRID!$B:$B,$A5,RESULTADOS_GRID!$Z:$Z,">=0")+COUNTIFS(RESULTADOS_GRID!$B:$B,$A5,RESULTADOS_GRID!$Z:$Z,"<0")))) | L5: =IF($A5="","",IF((COUNTIFS(RESULTADOS_GRID!$B:$B,$A5,RESULTADOS_GRID!$AA:$AA,">=0")+COUNTIFS(RESULTADOS_GRID!$B:$B,$A5,RESULTADOS_GRID!$AA:$AA,"<0"))=0,"",SUMIF(RESULTADOS_GRID!$B:$B,$A5,RESULTADOS_GRID!$AA:$AA)/(COUNTIFS(RESULTADOS_GRID!$B:$B,$A5,RESULTADOS_GRID!$AA:$AA,">=0")+COUNTIFS(RESULTADOS_GRID!$B:$B,$A5,RESULTADOS_GRID!$AA:$AA,"<0")))) | M5: =IF($A5="","",IF((COUNTIFS(RESULTADOS_GRID!$B:$B,$A5,RESULTADOS_GRID!$AB:$AB,">=0")+COUNTIFS(RESULTADOS_GRID!$B:$B,$A5,RESULTADOS_GRID!$AB:$AB,"<0"))=0,"",SUMIF(RESULTADOS_GRID!$B:$B,$A5,RESULTADOS_GRID!$AB:$AB)/(COUNTIFS(RESULTADOS_GRID!$B:$B,$A5,RESULTADOS_GRID!$AB:$AB,">=0")+COUNTIFS(RESULTADOS_GRID!$B:$B,$A5,RESULTADOS_GRID!$AB:$AB,"<0")))) | O5: =IF($I5="","",COUNTIFS($I$2:$I$101,"<"&$I5)+1)
A6: E5_v1 | B6: =IF($A6="","",IFERROR(INDEX(RESULTADOS_GRID!$C:$C,MATCH($A6,RESULTADOS_GRID!$B:$B,0)),"")) | C6: =IF($A6="","",IFERROR(INDEX(RESULTADOS_GRID!$E:$E,MATCH($A6,RESULTADOS_GRID!$B:$B,0)),"")) | D6: =IF($A6="","",IFERROR(INDEX(RESULTADOS_GRID!$D:$D,MATCH($A6,RESULTADOS_GRID!$B:$B,0)),"")) | E6: =IF($A6="","",COUNTIF(RESULTADOS_GRID!$B:$B,$A6)) | F6: =IF($A6="","",SUMIF(RESULTADOS_GRID!$B:$B,$A6,RESULTADOS_GRID!$X:$X)) | H6: =CONFIG_REFERENCIA!$E$7 | I6: =IF($A6="","",$F6+N($G6)*$H6) | J6: =IF($A6="","",IF((COUNTIFS(RESULTADOS_GRID!$B:$B,$A6,RESULTADOS_GRID!$Y:$Y,">=0")+COUNTIFS(RESULTADOS_GRID!$B:$B,$A6,RESULTADOS_GRID!$Y:$Y,"<0"))=0,"",SUMIF(RESULTADOS_GRID!$B:$B,$A6,RESULTADOS_GRID!$Y:$Y)/(COUNTIFS(RESULTADOS_GRID!$B:$B,$A6,RESULTADOS_GRID!$Y:$Y,">=0")+COUNTIFS(RESULTADOS_GRID!$B:$B,$A6,RESULTADOS_GRID!$Y:$Y,"<0")))) | K6: =IF($A6="","",IF((COUNTIFS(RESULTADOS_GRID!$B:$B,$A6,RESULTADOS_GRID!$Z:$Z,">=0")+COUNTIFS(RESULTADOS_GRID!$B:$B,$A6,RESULTADOS_GRID!$Z:$Z,"<0"))=0,"",SUMIF(RESULTADOS_GRID!$B:$B,$A6,RESULTADOS_GRID!$Z:$Z)/(COUNTIFS(RESULTADOS_GRID!$B:$B,$A6,RESULTADOS_GRID!$Z:$Z,">=0")+COUNTIFS(RESULTADOS_GRID!$B:$B,$A6,RESULTADOS_GRID!$Z:$Z,"<0")))) | L6: =IF($A6="","",IF((COUNTIFS(RESULTADOS_GRID!$B:$B,$A6,RESULTADOS_GRID!$AA:$AA,">=0")+COUNTIFS(RESULTADOS_GRID!$B:$B,$A6,RESULTADOS_GRID!$AA:$AA,"<0"))=0,"",SUMIF(RESULTADOS_GRID!$B:$B,$A6,RESULTADOS_GRID!$AA:$AA)/(COUNTIFS(RESULTADOS_GRID!$B:$B,$A6,RESULTADOS_GRID!$AA:$AA,">=0")+COUNTIFS(RESULTADOS_GRID!$B:$B,$A6,RESULTADOS_GRID!$AA:$AA,"<0")))) | M6: =IF($A6="","",IF((COUNTIFS(RESULTADOS_GRID!$B:$B,$A6,RESULTADOS_GRID!$AB:$AB,">=0")+COUNTIFS(RESULTADOS_GRID!$B:$B,$A6,RESULTADOS_GRID!$AB:$AB,"<0"))=0,"",SUMIF(RESULTADOS_GRID!$B:$B,$A6,RESULTADOS_GRID!$AB:$AB)/(COUNTIFS(RESULTADOS_GRID!$B:$B,$A6,RESULTADOS_GRID!$AB:$AB,">=0")+COUNTIFS(RESULTADOS_GRID!$B:$B,$A6,RESULTADOS_GRID!$AB:$AB,"<0")))) | O6: =IF($I6="","",COUNTIFS($I$2:$I$101,"<"&$I6)+1)
A7: E6_v1 | B7: =IF($A7="","",IFERROR(INDEX(RESULTADOS_GRID!$C:$C,MATCH($A7,RESULTADOS_GRID!$B:$B,0)),"")) | C7: =IF($A7="","",IFERROR(INDEX(RESULTADOS_GRID!$E:$E,MATCH($A7,RESULTADOS_GRID!$B:$B,0)),"")) | D7: =IF($A7="","",IFERROR(INDEX(RESULTADOS_GRID!$D:$D,MATCH($A7,RESULTADOS_GRID!$B:$B,0)),"")) | E7: =IF($A7="","",COUNTIF(RESULTADOS_GRID!$B:$B,$A7)) | F7: =IF($A7="","",SUMIF(RESULTADOS_GRID!$B:$B,$A7,RESULTADOS_GRID!$X:$X)) | H7: =CONFIG_REFERENCIA!$E$7 | I7: =IF($A7="","",$F7+N($G7)*$H7) | J7: =IF($A7="","",IF((COUNTIFS(RESULTADOS_GRID!$B:$B,$A7,RESULTADOS_GRID!$Y:$Y,">=0")+COUNTIFS(RESULTADOS_GRID!$B:$B,$A7,RESULTADOS_GRID!$Y:$Y,"<0"))=0,"",SUMIF(RESULTADOS_GRID!$B:$B,$A7,RESULTADOS_GRID!$Y:$Y)/(COUNTIFS(RESULTADOS_GRID!$B:$B,$A7,RESULTADOS_GRID!$Y:$Y,">=0")+COUNTIFS(RESULTADOS_GRID!$B:$B,$A7,RESULTADOS_GRID!$Y:$Y,"<0")))) | K7: =IF($A7="","",IF((COUNTIFS(RESULTADOS_GRID!$B:$B,$A7,RESULTADOS_GRID!$Z:$Z,">=0")+COUNTIFS(RESULTADOS_GRID!$B:$B,$A7,RESULTADOS_GRID!$Z:$Z,"<0"))=0,"",SUMIF(RESULTADOS_GRID!$B:$B,$A7,RESULTADOS_GRID!$Z:$Z)/(COUNTIFS(RESULTADOS_GRID!$B:$B,$A7,RESULTADOS_GRID!$Z:$Z,">=0")+COUNTIFS(RESULTADOS_GRID!$B:$B,$A7,RESULTADOS_GRID!$Z:$Z,"<0")))) | L7: =IF($A7="","",IF((COUNTIFS(RESULTADOS_GRID!$B:$B,$A7,RESULTADOS_GRID!$AA:$AA,">=0")+COUNTIFS(RESULTADOS_GRID!$B:$B,$A7,RESULTADOS_GRID!$AA:$AA,"<0"))=0,"",SUMIF(RESULTADOS_GRID!$B:$B,$A7,RESULTADOS_GRID!$AA:$AA)/(COUNTIFS(RESULTADOS_GRID!$B:$B,$A7,RESULTADOS_GRID!$AA:$AA,">=0")+COUNTIFS(RESULTADOS_GRID!$B:$B,$A7,RESULTADOS_GRID!$AA:$AA,"<0")))) | M7: =IF($A7="","",IF((COUNTIFS(RESULTADOS_GRID!$B:$B,$A7,RESULTADOS_GRID!$AB:$AB,">=0")+COUNTIFS(RESULTADOS_GRID!$B:$B,$A7,RESULTADOS_GRID!$AB:$AB,"<0"))=0,"",SUMIF(RESULTADOS_GRID!$B:$B,$A7,RESULTADOS_GRID!$AB:$AB)/(COUNTIFS(RESULTADOS_GRID!$B:$B,$A7,RESULTADOS_GRID!$AB:$AB,">=0")+COUNTIFS(RESULTADOS_GRID!$B:$B,$A7,RESULTADOS_GRID!$AB:$AB,"<0")))) | O7: =IF($I7="","",COUNTIFS($I$2:$I$101,"<"&$I7)+1)
A8: E7_v1 | B8: =IF($A8="","",IFERROR(INDEX(RESULTADOS_GRID!$C:$C,MATCH($A8,RESULTADOS_GRID!$B:$B,0)),"")) | C8: =IF($A8="","",IFERROR(INDEX(RESULTADOS_GRID!$E:$E,MATCH($A8,RESULTADOS_GRID!$B:$B,0)),"")) | D8: =IF($A8="","",IFERROR(INDEX(RESULTADOS_GRID!$D:$D,MATCH($A8,RESULTADOS_GRID!$B:$B,0)),"")) | E8: =IF($A8="","",COUNTIF(RESULTADOS_GRID!$B:$B,$A8)) | F8: =IF($A8="","",SUMIF(RESULTADOS_GRID!$B:$B,$A8,RESULTADOS_GRID!$X:$X)) | H8: =CONFIG_REFERENCIA!$E$7 | I8: =IF($A8="","",$F8+N($G8)*$H8) | J8: =IF($A8="","",IF((COUNTIFS(RESULTADOS_GRID!$B:$B,$A8,RESULTADOS_GRID!$Y:$Y,">=0")+COUNTIFS(RESULTADOS_GRID!$B:$B,$A8,RESULTADOS_GRID!$Y:$Y,"<0"))=0,"",SUMIF(RESULTADOS_GRID!$B:$B,$A8,RESULTADOS_GRID!$Y:$Y)/(COUNTIFS(RESULTADOS_GRID!$B:$B,$A8,RESULTADOS_GRID!$Y:$Y,">=0")+COUNTIFS(RESULTADOS_GRID!$B:$B,$A8,RESULTADOS_GRID!$Y:$Y,"<0")))) | K8: =IF($A8="","",IF((COUNTIFS(RESULTADOS_GRID!$B:$B,$A8,RESULTADOS_GRID!$Z:$Z,">=0")+COUNTIFS(RESULTADOS_GRID!$B:$B,$A8,RESULTADOS_GRID!$Z:$Z,"<0"))=0,"",SUMIF(RESULTADOS_GRID!$B:$B,$A8,RESULTADOS_GRID!$Z:$Z)/(COUNTIFS(RESULTADOS_GRID!$B:$B,$A8,RESULTADOS_GRID!$Z:$Z,">=0")+COUNTIFS(RESULTADOS_GRID!$B:$B,$A8,RESULTADOS_GRID!$Z:$Z,"<0")))) | L8: =IF($A8="","",IF((COUNTIFS(RESULTADOS_GRID!$B:$B,$A8,RESULTADOS_GRID!$AA:$AA,">=0")+COUNTIFS(RESULTADOS_GRID!$B:$B,$A8,RESULTADOS_GRID!$AA:$AA,"<0"))=0,"",SUMIF(RESULTADOS_GRID!$B:$B,$A8,RESULTADOS_GRID!$AA:$AA)/(COUNTIFS(RESULTADOS_GRID!$B:$B,$A8,RESULTADOS_GRID!$AA:$AA,">=0")+COUNTIFS(RESULTADOS_GRID!$B:$B,$A8,RESULTADOS_GRID!$AA:$AA,"<0")))) | M8: =IF($A8="","",IF((COUNTIFS(RESULTADOS_GRID!$B:$B,$A8,RESULTADOS_GRID!$AB:$AB,">=0")+COUNTIFS(RESULTADOS_GRID!$B:$B,$A8,RESULTADOS_GRID!$AB:$AB,"<0"))=0,"",SUMIF(RESULTADOS_GRID!$B:$B,$A8,RESULTADOS_GRID!$AB:$AB)/(COUNTIFS(RESULTADOS_GRID!$B:$B,$A8,RESULTADOS_GRID!$AB:$AB,">=0")+COUNTIFS(RESULTADOS_GRID!$B:$B,$A8,RESULTADOS_GRID!$AB:$AB,"<0")))) | O8: =IF($I8="","",COUNTIFS($I$2:$I$101,"<"&$I8)+1)
A9: E8_v1 | B9: =IF($A9="","",IFERROR(INDEX(RESULTADOS_GRID!$C:$C,MATCH($A9,RESULTADOS_GRID!$B:$B,0)),"")) | C9: =IF($A9="","",IFERROR(INDEX(RESULTADOS_GRID!$E:$E,MATCH($A9,RESULTADOS_GRID!$B:$B,0)),"")) | D9: =IF($A9="","",IFERROR(INDEX(RESULTADOS_GRID!$D:$D,MATCH($A9,RESULTADOS_GRID!$B:$B,0)),"")) | E9: =IF($A9="","",COUNTIF(RESULTADOS_GRID!$B:$B,$A9)) | F9: =IF($A9="","",SUMIF(RESULTADOS_GRID!$B:$B,$A9,RESULTADOS_GRID!$X:$X)) | H9: =CONFIG_REFERENCIA!$E$7 | I9: =IF($A9="","",$F9+N($G9)*$H9) | J9: =IF($A9="","",IF((COUNTIFS(RESULTADOS_GRID!$B:$B,$A9,RESULTADOS_GRID!$Y:$Y,">=0")+COUNTIFS(RESULTADOS_GRID!$B:$B,$A9,RESULTADOS_GRID!$Y:$Y,"<0"))=0,"",SUMIF(RESULTADOS_GRID!$B:$B,$A9,RESULTADOS_GRID!$Y:$Y)/(COUNTIFS(RESULTADOS_GRID!$B:$B,$A9,RESULTADOS_GRID!$Y:$Y,">=0")+COUNTIFS(RESULTADOS_GRID!$B:$B,$A9,RESULTADOS_GRID!$Y:$Y,"<0")))) | K9: =IF($A9="","",IF((COUNTIFS(RESULTADOS_GRID!$B:$B,$A9,RESULTADOS_GRID!$Z:$Z,">=0")+COUNTIFS(RESULTADOS_GRID!$B:$B,$A9,RESULTADOS_GRID!$Z:$Z,"<0"))=0,"",SUMIF(RESULTADOS_GRID!$B:$B,$A9,RESULTADOS_GRID!$Z:$Z)/(COUNTIFS(RESULTADOS_GRID!$B:$B,$A9,RESULTADOS_GRID!$Z:$Z,">=0")+COUNTIFS(RESULTADOS_GRID!$B:$B,$A9,RESULTADOS_GRID!$Z:$Z,"<0")))) | L9: =IF($A9="","",IF((COUNTIFS(RESULTADOS_GRID!$B:$B,$A9,RESULTADOS_GRID!$AA:$AA,">=0")+COUNTIFS(RESULTADOS_GRID!$B:$B,$A9,RESULTADOS_GRID!$AA:$AA,"<0"))=0,"",SUMIF(RESULTADOS_GRID!$B:$B,$A9,RESULTADOS_GRID!$AA:$AA)/(COUNTIFS(RESULTADOS_GRID!$B:$B,$A9,RESULTADOS_GRID!$AA:$AA,">=0")+COUNTIFS(RESULTADOS_GRID!$B:$B,$A9,RESULTADOS_GRID!$AA:$AA,"<0")))) | M9: =IF($A9="","",IF((COUNTIFS(RESULTADOS_GRID!$B:$B,$A9,RESULTADOS_GRID!$AB:$AB,">=0")+COUNTIFS(RESULTADOS_GRID!$B:$B,$A9,RESULTADOS_GRID!$AB:$AB,"<0"))=0,"",SUMIF(RESULTADOS_GRID!$B:$B,$A9,RESULTADOS_GRID!$AB:$AB)/(COUNTIFS(RESULTADOS_GRID!$B:$B,$A9,RESULTADOS_GRID!$AB:$AB,">=0")+COUNTIFS(RESULTADOS_GRID!$B:$B,$A9,RESULTADOS_GRID!$AB:$AB,"<0")))) | O9: =IF($I9="","",COUNTIFS($I$2:$I$101,"<"&$I9)+1)
A10: E9_v1 | B10: =IF($A10="","",IFERROR(INDEX(RESULTADOS_GRID!$C:$C,MATCH($A10,RESULTADOS_GRID!$B:$B,0)),"")) | C10: =IF($A10="","",IFERROR(INDEX(RESULTADOS_GRID!$E:$E,MATCH($A10,RESULTADOS_GRID!$B:$B,0)),"")) | D10: =IF($A10="","",IFERROR(INDEX(RESULTADOS_GRID!$D:$D,MATCH($A10,RESULTADOS_GRID!$B:$B,0)),"")) | E10: =IF($A10="","",COUNTIF(RESULTADOS_GRID!$B:$B,$A10)) | F10: =IF($A10="","",SUMIF(RESULTADOS_GRID!$B:$B,$A10,RESULTADOS_GRID!$X:$X)) | H10: =CONFIG_REFERENCIA!$E$7 | I10: =IF($A10="","",$F10+N($G10)*$H10) | J10: =IF($A10="","",IF((COUNTIFS(RESULTADOS_GRID!$B:$B,$A10,RESULTADOS_GRID!$Y:$Y,">=0")+COUNTIFS(RESULTADOS_GRID!$B:$B,$A10,RESULTADOS_GRID!$Y:$Y,"<0"))=0,"",SUMIF(RESULTADOS_GRID!$B:$B,$A10,RESULTADOS_GRID!$Y:$Y)/(COUNTIFS(RESULTADOS_GRID!$B:$B,$A10,RESULTADOS_GRID!$Y:$Y,">=0")+COUNTIFS(RESULTADOS_GRID!$B:$B,$A10,RESULTADOS_GRID!$Y:$Y,"<0")))) | K10: =IF($A10="","",IF((COUNTIFS(RESULTADOS_GRID!$B:$B,$A10,RESULTADOS_GRID!$Z:$Z,">=0")+COUNTIFS(RESULTADOS_GRID!$B:$B,$A10,RESULTADOS_GRID!$Z:$Z,"<0"))=0,"",SUMIF(RESULTADOS_GRID!$B:$B,$A10,RESULTADOS_GRID!$Z:$Z)/(COUNTIFS(RESULTADOS_GRID!$B:$B,$A10,RESULTADOS_GRID!$Z:$Z,">=0")+COUNTIFS(RESULTADOS_GRID!$B:$B,$A10,RESULTADOS_GRID!$Z:$Z,"<0")))) | L10: =IF($A10="","",IF((COUNTIFS(RESULTADOS_GRID!$B:$B,$A10,RESULTADOS_GRID!$AA:$AA,">=0")+COUNTIFS(RESULTADOS_GRID!$B:$B,$A10,RESULTADOS_GRID!$AA:$AA,"<0"))=0,"",SUMIF(RESULTADOS_GRID!$B:$B,$A10,RESULTADOS_GRID!$AA:$AA)/(COUNTIFS(RESULTADOS_GRID!$B:$B,$A10,RESULTADOS_GRID!$AA:$AA,">=0")+COUNTIFS(RESULTADOS_GRID!$B:$B,$A10,RESULTADOS_GRID!$AA:$AA,"<0")))) | M10: =IF($A10="","",IF((COUNTIFS(RESULTADOS_GRID!$B:$B,$A10,RESULTADOS_GRID!$AB:$AB,">=0")+COUNTIFS(RESULTADOS_GRID!$B:$B,$A10,RESULTADOS_GRID!$AB:$AB,"<0"))=0,"",SUMIF(RESULTADOS_GRID!$B:$B,$A10,RESULTADOS_GRID!$AB:$AB)/(COUNTIFS(RESULTADOS_GRID!$B:$B,$A10,RESULTADOS_GRID!$AB:$AB,">=0")+COUNTIFS(RESULTADOS_GRID!$B:$B,$A10,RESULTADOS_GRID!$AB:$AB,"<0")))) | O10: =IF($I10="","",COUNTIFS($I$2:$I$101,"<"&$I10)+1)
A11: E10_v1 | B11: =IF($A11="","",IFERROR(INDEX(RESULTADOS_GRID!$C:$C,MATCH($A11,RESULTADOS_GRID!$B:$B,0)),"")) | C11: =IF($A11="","",IFERROR(INDEX(RESULTADOS_GRID!$E:$E,MATCH($A11,RESULTADOS_GRID!$B:$B,0)),"")) | D11: =IF($A11="","",IFERROR(INDEX(RESULTADOS_GRID!$D:$D,MATCH($A11,RESULTADOS_GRID!$B:$B,0)),"")) | E11: =IF($A11="","",COUNTIF(RESULTADOS_GRID!$B:$B,$A11)) | F11: =IF($A11="","",SUMIF(RESULTADOS_GRID!$B:$B,$A11,RESULTADOS_GRID!$X:$X)) | H11: =CONFIG_REFERENCIA!$E$7 | I11: =IF($A11="","",$F11+N($G11)*$H11) | J11: =IF($A11="","",IF((COUNTIFS(RESULTADOS_GRID!$B:$B,$A11,RESULTADOS_GRID!$Y:$Y,">=0")+COUNTIFS(RESULTADOS_GRID!$B:$B,$A11,RESULTADOS_GRID!$Y:$Y,"<0"))=0,"",SUMIF(RESULTADOS_GRID!$B:$B,$A11,RESULTADOS_GRID!$Y:$Y)/(COUNTIFS(RESULTADOS_GRID!$B:$B,$A11,RESULTADOS_GRID!$Y:$Y,">=0")+COUNTIFS(RESULTADOS_GRID!$B:$B,$A11,RESULTADOS_GRID!$Y:$Y,"<0")))) | K11: =IF($A11="","",IF((COUNTIFS(RESULTADOS_GRID!$B:$B,$A11,RESULTADOS_GRID!$Z:$Z,">=0")+COUNTIFS(RESULTADOS_GRID!$B:$B,$A11,RESULTADOS_GRID!$Z:$Z,"<0"))=0,"",SUMIF(RESULTADOS_GRID!$B:$B,$A11,RESULTADOS_GRID!$Z:$Z)/(COUNTIFS(RESULTADOS_GRID!$B:$B,$A11,RESULTADOS_GRID!$Z:$Z,">=0")+COUNTIFS(RESULTADOS_GRID!$B:$B,$A11,RESULTADOS_GRID!$Z:$Z,"<0")))) | L11: =IF($A11="","",IF((COUNTIFS(RESULTADOS_GRID!$B:$B,$A11,RESULTADOS_GRID!$AA:$AA,">=0")+COUNTIFS(RESULTADOS_GRID!$B:$B,$A11,RESULTADOS_GRID!$AA:$AA,"<0"))=0,"",SUMIF(RESULTADOS_GRID!$B:$B,$A11,RESULTADOS_GRID!$AA:$AA)/(COUNTIFS(RESULTADOS_GRID!$B:$B,$A11,RESULTADOS_GRID!$AA:$AA,">=0")+COUNTIFS(RESULTADOS_GRID!$B:$B,$A11,RESULTADOS_GRID!$AA:$AA,"<0")))) | M11: =IF($A11="","",IF((COUNTIFS(RESULTADOS_GRID!$B:$B,$A11,RESULTADOS_GRID!$AB:$AB,">=0")+COUNTIFS(RESULTADOS_GRID!$B:$B,$A11,RESULTADOS_GRID!$AB:$AB,"<0"))=0,"",SUMIF(RESULTADOS_GRID!$B:$B,$A11,RESULTADOS_GRID!$AB:$AB)/(COUNTIFS(RESULTADOS_GRID!$B:$B,$A11,RESULTADOS_GRID!$AB:$AB,">=0")+COUNTIFS(RESULTADOS_GRID!$B:$B,$A11,RESULTADOS_GRID!$AB:$AB,"<0")))) | O11: =IF($I11="","",COUNTIFS($I$2:$I$101,"<"&$I11)+1)
B12: =IF($A12="","",IFERROR(INDEX(RESULTADOS_GRID!$C:$C,MATCH($A12,RESULTADOS_GRID!$B:$B,0)),"")) | C12: =IF($A12="","",IFERROR(INDEX(RESULTADOS_GRID!$E:$E,MATCH($A12,RESULTADOS_GRID!$B:$B,0)),"")) | D12: =IF($A12="","",IFERROR(INDEX(RESULTADOS_GRID!$D:$D,MATCH($A12,RESULTADOS_GRID!$B:$B,0)),"")) | E12: =IF($A12="","",COUNTIF(RESULTADOS_GRID!$B:$B,$A12)) | F12: =IF($A12="","",SUMIF(RESULTADOS_GRID!$B:$B,$A12,RESULTADOS_GRID!$X:$X)) | H12: =CONFIG_REFERENCIA!$E$7 | I12: =IF($A12="","",$F12+N($G12)*$H12) | J12: =IF($A12="","",IF((COUNTIFS(RESULTADOS_GRID!$B:$B,$A12,RESULTADOS_GRID!$Y:$Y,">=0")+COUNTIFS(RESULTADOS_GRID!$B:$B,$A12,RESULTADOS_GRID!$Y:$Y,"<0"))=0,"",SUMIF(RESULTADOS_GRID!$B:$B,$A12,RESULTADOS_GRID!$Y:$Y)/(COUNTIFS(RESULTADOS_GRID!$B:$B,$A12,RESULTADOS_GRID!$Y:$Y,">=0")+COUNTIFS(RESULTADOS_GRID!$B:$B,$A12,RESULTADOS_GRID!$Y:$Y,"<0")))) | K12: =IF($A12="","",IF((COUNTIFS(RESULTADOS_GRID!$B:$B,$A12,RESULTADOS_GRID!$Z:$Z,">=0")+COUNTIFS(RESULTADOS_GRID!$B:$B,$A12,RESULTADOS_GRID!$Z:$Z,"<0"))=0,"",SUMIF(RESULTADOS_GRID!$B:$B,$A12,RESULTADOS_GRID!$Z:$Z)/(COUNTIFS(RESULTADOS_GRID!$B:$B,$A12,RESULTADOS_GRID!$Z:$Z,">=0")+COUNTIFS(RESULTADOS_GRID!$B:$B,$A12,RESULTADOS_GRID!$Z:$Z,"<0")))) | L12: =IF($A12="","",IF((COUNTIFS(RESULTADOS_GRID!$B:$B,$A12,RESULTADOS_GRID!$AA:$AA,">=0")+COUNTIFS(RESULTADOS_GRID!$B:$B,$A12,RESULTADOS_GRID!$AA:$AA,"<0"))=0,"",SUMIF(RESULTADOS_GRID!$B:$B,$A12,RESULTADOS_GRID!$AA:$AA)/(COUNTIFS(RESULTADOS_GRID!$B:$B,$A12,RESULTADOS_GRID!$AA:$AA,">=0")+COUNTIFS(RESULTADOS_GRID!$B:$B,$A12,RESULTADOS_GRID!$AA:$AA,"<0")))) | M12: =IF($A12="","",IF((COUNTIFS(RESULTADOS_GRID!$B:$B,$A12,RESULTADOS_GRID!$AB:$AB,">=0")+COUNTIFS(RESULTADOS_GRID!$B:$B,$A12,RESULTADOS_GRID!$AB:$AB,"<0"))=0,"",SUMIF(RESULTADOS_GRID!$B:$B,$A12,RESULTADOS_GRID!$AB:$AB)/(COUNTIFS(RESULTADOS_GRID!$B:$B,$A12,RESULTADOS_GRID!$AB:$AB,">=0")+COUNTIFS(RESULTADOS_GRID!$B:$B,$A12,RESULTADOS_GRID!$AB:$AB,"<0")))) | O12: =IF($I12="","",COUNTIFS($I$2:$I$101,"<"&$I12)+1)
B13: =IF($A13="","",IFERROR(INDEX(RESULTADOS_GRID!$C:$C,MATCH($A13,RESULTADOS_GRID!$B:$B,0)),"")) | C13: =IF($A13="","",IFERROR(INDEX(RESULTADOS_GRID!$E:$E,MATCH($A13,RESULTADOS_GRID!$B:$B,0)),"")) | D13: =IF($A13="","",IFERROR(INDEX(RESULTADOS_GRID!$D:$D,MATCH($A13,RESULTADOS_GRID!$B:$B,0)),"")) | E13: =IF($A13="","",COUNTIF(RESULTADOS_GRID!$B:$B,$A13)) | F13: =IF($A13="","",SUMIF(RESULTADOS_GRID!$B:$B,$A13,RESULTADOS_GRID!$X:$X)) | H13: =CONFIG_REFERENCIA!$E$7 | I13: =IF($A13="","",$F13+N($G13)*$H13) | J13: =IF($A13="","",IF((COUNTIFS(RESULTADOS_GRID!$B:$B,$A13,RESULTADOS_GRID!$Y:$Y,">=0")+COUNTIFS(RESULTADOS_GRID!$B:$B,$A13,RESULTADOS_GRID!$Y:$Y,"<0"))=0,"",SUMIF(RESULTADOS_GRID!$B:$B,$A13,RESULTADOS_GRID!$Y:$Y)/(COUNTIFS(RESULTADOS_GRID!$B:$B,$A13,RESULTADOS_GRID!$Y:$Y,">=0")+COUNTIFS(RESULTADOS_GRID!$B:$B,$A13,RESULTADOS_GRID!$Y:$Y,"<0")))) | K13: =IF($A13="","",IF((COUNTIFS(RESULTADOS_GRID!$B:$B,$A13,RESULTADOS_GRID!$Z:$Z,">=0")+COUNTIFS(RESULTADOS_GRID!$B:$B,$A13,RESULTADOS_GRID!$Z:$Z,"<0"))=0,"",SUMIF(RESULTADOS_GRID!$B:$B,$A13,RESULTADOS_GRID!$Z:$Z)/(COUNTIFS(RESULTADOS_GRID!$B:$B,$A13,RESULTADOS_GRID!$Z:$Z,">=0")+COUNTIFS(RESULTADOS_GRID!$B:$B,$A13,RESULTADOS_GRID!$Z:$Z,"<0")))) | L13: =IF($A13="","",IF((COUNTIFS(RESULTADOS_GRID!$B:$B,$A13,RESULTADOS_GRID!$AA:$AA,">=0")+COUNTIFS(RESULTADOS_GRID!$B:$B,$A13,RESULTADOS_GRID!$AA:$AA,"<0"))=0,"",SUMIF(RESULTADOS_GRID!$B:$B,$A13,RESULTADOS_GRID!$AA:$AA)/(COUNTIFS(RESULTADOS_GRID!$B:$B,$A13,RESULTADOS_GRID!$AA:$AA,">=0")+COUNTIFS(RESULTADOS_GRID!$B:$B,$A13,RESULTADOS_GRID!$AA:$AA,"<0")))) | M13: =IF($A13="","",IF((COUNTIFS(RESULTADOS_GRID!$B:$B,$A13,RESULTADOS_GRID!$AB:$AB,">=0")+COUNTIFS(RESULTADOS_GRID!$B:$B,$A13,RESULTADOS_GRID!$AB:$AB,"<0"))=0,"",SUMIF(RESULTADOS_GRID!$B:$B,$A13,RESULTADOS_GRID!$AB:$AB)/(COUNTIFS(RESULTADOS_GRID!$B:$B,$A13,RESULTADOS_GRID!$AB:$AB,">=0")+COUNTIFS(RESULTADOS_GRID!$B:$B,$A13,RESULTADOS_GRID!$AB:$AB,"<0")))) | O13: =IF($I13="","",COUNTIFS($I$2:$I$101,"<"&$I13)+1)
B14: =IF($A14="","",IFERROR(INDEX(RESULTADOS_GRID!$C:$C,MATCH($A14,RESULTADOS_GRID!$B:$B,0)),"")) | C14: =IF($A14="","",IFERROR(INDEX(RESULTADOS_GRID!$E:$E,MATCH($A14,RESULTADOS_GRID!$B:$B,0)),"")) | D14: =IF($A14="","",IFERROR(INDEX(RESULTADOS_GRID!$D:$D,MATCH($A14,RESULTADOS_GRID!$B:$B,0)),"")) | E14: =IF($A14="","",COUNTIF(RESULTADOS_GRID!$B:$B,$A14)) | F14: =IF($A14="","",SUMIF(RESULTADOS_GRID!$B:$B,$A14,RESULTADOS_GRID!$X:$X)) | H14: =CONFIG_REFERENCIA!$E$7 | I14: =IF($A14="","",$F14+N($G14)*$H14) | J14: =IF($A14="","",IF((COUNTIFS(RESULTADOS_GRID!$B:$B,$A14,RESULTADOS_GRID!$Y:$Y,">=0")+COUNTIFS(RESULTADOS_GRID!$B:$B,$A14,RESULTADOS_GRID!$Y:$Y,"<0"))=0,"",SUMIF(RESULTADOS_GRID!$B:$B,$A14,RESULTADOS_GRID!$Y:$Y)/(COUNTIFS(RESULTADOS_GRID!$B:$B,$A14,RESULTADOS_GRID!$Y:$Y,">=0")+COUNTIFS(RESULTADOS_GRID!$B:$B,$A14,RESULTADOS_GRID!$Y:$Y,"<0")))) | K14: =IF($A14="","",IF((COUNTIFS(RESULTADOS_GRID!$B:$B,$A14,RESULTADOS_GRID!$Z:$Z,">=0")+COUNTIFS(RESULTADOS_GRID!$B:$B,$A14,RESULTADOS_GRID!$Z:$Z,"<0"))=0,"",SUMIF(RESULTADOS_GRID!$B:$B,$A14,RESULTADOS_GRID!$Z:$Z)/(COUNTIFS(RESULTADOS_GRID!$B:$B,$A14,RESULTADOS_GRID!$Z:$Z,">=0")+COUNTIFS(RESULTADOS_GRID!$B:$B,$A14,RESULTADOS_GRID!$Z:$Z,"<0")))) | L14: =IF($A14="","",IF((COUNTIFS(RESULTADOS_GRID!$B:$B,$A14,RESULTADOS_GRID!$AA:$AA,">=0")+COUNTIFS(RESULTADOS_GRID!$B:$B,$A14,RESULTADOS_GRID!$AA:$AA,"<0"))=0,"",SUMIF(RESULTADOS_GRID!$B:$B,$A14,RESULTADOS_GRID!$AA:$AA)/(COUNTIFS(RESULTADOS_GRID!$B:$B,$A14,RESULTADOS_GRID!$AA:$AA,">=0")+COUNTIFS(RESULTADOS_GRID!$B:$B,$A14,RESULTADOS_GRID!$AA:$AA,"<0")))) | M14: =IF($A14="","",IF((COUNTIFS(RESULTADOS_GRID!$B:$B,$A14,RESULTADOS_GRID!$AB:$AB,">=0")+COUNTIFS(RESULTADOS_GRID!$B:$B,$A14,RESULTADOS_GRID!$AB:$AB,"<0"))=0,"",SUMIF(RESULTADOS_GRID!$B:$B,$A14,RESULTADOS_GRID!$AB:$AB)/(COUNTIFS(RESULTADOS_GRID!$B:$B,$A14,RESULTADOS_GRID!$AB:$AB,">=0")+COUNTIFS(RESULTADOS_GRID!$B:$B,$A14,RESULTADOS_GRID!$AB:$AB,"<0")))) | O14: =IF($I14="","",COUNTIFS($I$2:$I$101,"<"&$I14)+1)
B15: =IF($A15="","",IFERROR(INDEX(RESULTADOS_GRID!$C:$C,MATCH($A15,RESULTADOS_GRID!$B:$B,0)),"")) | C15: =IF($A15="","",IFERROR(INDEX(RESULTADOS_GRID!$E:$E,MATCH($A15,RESULTADOS_GRID!$B:$B,0)),"")) | D15: =IF($A15="","",IFERROR(INDEX(RESULTADOS_GRID!$D:$D,MATCH($A15,RESULTADOS_GRID!$B:$B,0)),"")) | E15: =IF($A15="","",COUNTIF(RESULTADOS_GRID!$B:$B,$A15)) | F15: =IF($A15="","",SUMIF(RESULTADOS_GRID!$B:$B,$A15,RESULTADOS_GRID!$X:$X)) | H15: =CONFIG_REFERENCIA!$E$7 | I15: =IF($A15="","",$F15+N($G15)*$H15) | J15: =IF($A15="","",IF((COUNTIFS(RESULTADOS_GRID!$B:$B,$A15,RESULTADOS_GRID!$Y:$Y,">=0")+COUNTIFS(RESULTADOS_GRID!$B:$B,$A15,RESULTADOS_GRID!$Y:$Y,"<0"))=0,"",SUMIF(RESULTADOS_GRID!$B:$B,$A15,RESULTADOS_GRID!$Y:$Y)/(COUNTIFS(RESULTADOS_GRID!$B:$B,$A15,RESULTADOS_GRID!$Y:$Y,">=0")+COUNTIFS(RESULTADOS_GRID!$B:$B,$A15,RESULTADOS_GRID!$Y:$Y,"<0")))) | K15: =IF($A15="","",IF((COUNTIFS(RESULTADOS_GRID!$B:$B,$A15,RESULTADOS_GRID!$Z:$Z,">=0")+COUNTIFS(RESULTADOS_GRID!$B:$B,$A15,RESULTADOS_GRID!$Z:$Z,"<0"))=0,"",SUMIF(RESULTADOS_GRID!$B:$B,$A15,RESULTADOS_GRID!$Z:$Z)/(COUNTIFS(RESULTADOS_GRID!$B:$B,$A15,RESULTADOS_GRID!$Z:$Z,">=0")+COUNTIFS(RESULTADOS_GRID!$B:$B,$A15,RESULTADOS_GRID!$Z:$Z,"<0")))) | L15: =IF($A15="","",IF((COUNTIFS(RESULTADOS_GRID!$B:$B,$A15,RESULTADOS_GRID!$AA:$AA,">=0")+COUNTIFS(RESULTADOS_GRID!$B:$B,$A15,RESULTADOS_GRID!$AA:$AA,"<0"))=0,"",SUMIF(RESULTADOS_GRID!$B:$B,$A15,RESULTADOS_GRID!$AA:$AA)/(COUNTIFS(RESULTADOS_GRID!$B:$B,$A15,RESULTADOS_GRID!$AA:$AA,">=0")+COUNTIFS(RESULTADOS_GRID!$B:$B,$A15,RESULTADOS_GRID!$AA:$AA,"<0")))) | M15: =IF($A15="","",IF((COUNTIFS(RESULTADOS_GRID!$B:$B,$A15,RESULTADOS_GRID!$AB:$AB,">=0")+COUNTIFS(RESULTADOS_GRID!$B:$B,$A15,RESULTADOS_GRID!$AB:$AB,"<0"))=0,"",SUMIF(RESULTADOS_GRID!$B:$B,$A15,RESULTADOS_GRID!$AB:$AB)/(COUNTIFS(RESULTADOS_GRID!$B:$B,$A15,RESULTADOS_GRID!$AB:$AB,">=0")+COUNTIFS(RESULTADOS_GRID!$B:$B,$A15,RESULTADOS_GRID!$AB:$AB,"<0")))) | O15: =IF($I15="","",COUNTIFS($I$2:$I$101,"<"&$I15)+1)
B16: =IF($A16="","",IFERROR(INDEX(RESULTADOS_GRID!$C:$C,MATCH($A16,RESULTADOS_GRID!$B:$B,0)),"")) | C16: =IF($A16="","",IFERROR(INDEX(RESULTADOS_GRID!$E:$E,MATCH($A16,RESULTADOS_GRID!$B:$B,0)),"")) | D16: =IF($A16="","",IFERROR(INDEX(RESULTADOS_GRID!$D:$D,MATCH($A16,RESULTADOS_GRID!$B:$B,0)),"")) | E16: =IF($A16="","",COUNTIF(RESULTADOS_GRID!$B:$B,$A16)) | F16: =IF($A16="","",SUMIF(RESULTADOS_GRID!$B:$B,$A16,RESULTADOS_GRID!$X:$X)) | H16: =CONFIG_REFERENCIA!$E$7 | I16: =IF($A16="","",$F16+N($G16)*$H16) | J16: =IF($A16="","",IF((COUNTIFS(RESULTADOS_GRID!$B:$B,$A16,RESULTADOS_GRID!$Y:$Y,">=0")+COUNTIFS(RESULTADOS_GRID!$B:$B,$A16,RESULTADOS_GRID!$Y:$Y,"<0"))=0,"",SUMIF(RESULTADOS_GRID!$B:$B,$A16,RESULTADOS_GRID!$Y:$Y)/(COUNTIFS(RESULTADOS_GRID!$B:$B,$A16,RESULTADOS_GRID!$Y:$Y,">=0")+COUNTIFS(RESULTADOS_GRID!$B:$B,$A16,RESULTADOS_GRID!$Y:$Y,"<0")))) | K16: =IF($A16="","",IF((COUNTIFS(RESULTADOS_GRID!$B:$B,$A16,RESULTADOS_GRID!$Z:$Z,">=0")+COUNTIFS(RESULTADOS_GRID!$B:$B,$A16,RESULTADOS_GRID!$Z:$Z,"<0"))=0,"",SUMIF(RESULTADOS_GRID!$B:$B,$A16,RESULTADOS_GRID!$Z:$Z)/(COUNTIFS(RESULTADOS_GRID!$B:$B,$A16,RESULTADOS_GRID!$Z:$Z,">=0")+COUNTIFS(RESULTADOS_GRID!$B:$B,$A16,RESULTADOS_GRID!$Z:$Z,"<0")))) | L16: =IF($A16="","",IF((COUNTIFS(RESULTADOS_GRID!$B:$B,$A16,RESULTADOS_GRID!$AA:$AA,">=0")+COUNTIFS(RESULTADOS_GRID!$B:$B,$A16,RESULTADOS_GRID!$AA:$AA,"<0"))=0,"",SUMIF(RESULTADOS_GRID!$B:$B,$A16,RESULTADOS_GRID!$AA:$AA)/(COUNTIFS(RESULTADOS_GRID!$B:$B,$A16,RESULTADOS_GRID!$AA:$AA,">=0")+COUNTIFS(RESULTADOS_GRID!$B:$B,$A16,RESULTADOS_GRID!$AA:$AA,"<0")))) | M16: =IF($A16="","",IF((COUNTIFS(RESULTADOS_GRID!$B:$B,$A16,RESULTADOS_GRID!$AB:$AB,">=0")+COUNTIFS(RESULTADOS_GRID!$B:$B,$A16,RESULTADOS_GRID!$AB:$AB,"<0"))=0,"",SUMIF(RESULTADOS_GRID!$B:$B,$A16,RESULTADOS_GRID!$AB:$AB)/(COUNTIFS(RESULTADOS_GRID!$B:$B,$A16,RESULTADOS_GRID!$AB:$AB,">=0")+COUNTIFS(RESULTADOS_GRID!$B:$B,$A16,RESULTADOS_GRID!$AB:$AB,"<0")))) | O16: =IF($I16="","",COUNTIFS($I$2:$I$101,"<"&$I16)+1)
B17: =IF($A17="","",IFERROR(INDEX(RESULTADOS_GRID!$C:$C,MATCH($A17,RESULTADOS_GRID!$B:$B,0)),"")) | C17: =IF($A17="","",IFERROR(INDEX(RESULTADOS_GRID!$E:$E,MATCH($A17,RESULTADOS_GRID!$B:$B,0)),"")) | D17: =IF($A17="","",IFERROR(INDEX(RESULTADOS_GRID!$D:$D,MATCH($A17,RESULTADOS_GRID!$B:$B,0)),"")) | E17: =IF($A17="","",COUNTIF(RESULTADOS_GRID!$B:$B,$A17)) | F17: =IF($A17="","",SUMIF(RESULTADOS_GRID!$B:$B,$A17,RESULTADOS_GRID!$X:$X)) | H17: =CONFIG_REFERENCIA!$E$7 | I17: =IF($A17="","",$F17+N($G17)*$H17) | J17: =IF($A17="","",IF((COUNTIFS(RESULTADOS_GRID!$B:$B,$A17,RESULTADOS_GRID!$Y:$Y,">=0")+COUNTIFS(RESULTADOS_GRID!$B:$B,$A17,RESULTADOS_GRID!$Y:$Y,"<0"))=0,"",SUMIF(RESULTADOS_GRID!$B:$B,$A17,RESULTADOS_GRID!$Y:$Y)/(COUNTIFS(RESULTADOS_GRID!$B:$B,$A17,RESULTADOS_GRID!$Y:$Y,">=0")+COUNTIFS(RESULTADOS_GRID!$B:$B,$A17,RESULTADOS_GRID!$Y:$Y,"<0")))) | K17: =IF($A17="","",IF((COUNTIFS(RESULTADOS_GRID!$B:$B,$A17,RESULTADOS_GRID!$Z:$Z,">=0")+COUNTIFS(RESULTADOS_GRID!$B:$B,$A17,RESULTADOS_GRID!$Z:$Z,"<0"))=0,"",SUMIF(RESULTADOS_GRID!$B:$B,$A17,RESULTADOS_GRID!$Z:$Z)/(COUNTIFS(RESULTADOS_GRID!$B:$B,$A17,RESULTADOS_GRID!$Z:$Z,">=0")+COUNTIFS(RESULTADOS_GRID!$B:$B,$A17,RESULTADOS_GRID!$Z:$Z,"<0")))) | L17: =IF($A17="","",IF((COUNTIFS(RESULTADOS_GRID!$B:$B,$A17,RESULTADOS_GRID!$AA:$AA,">=0")+COUNTIFS(RESULTADOS_GRID!$B:$B,$A17,RESULTADOS_GRID!$AA:$AA,"<0"))=0,"",SUMIF(RESULTADOS_GRID!$B:$B,$A17,RESULTADOS_GRID!$AA:$AA)/(COUNTIFS(RESULTADOS_GRID!$B:$B,$A17,RESULTADOS_GRID!$AA:$AA,">=0")+COUNTIFS(RESULTADOS_GRID!$B:$B,$A17,RESULTADOS_GRID!$AA:$AA,"<0")))) | M17: =IF($A17="","",IF((COUNTIFS(RESULTADOS_GRID!$B:$B,$A17,RESULTADOS_GRID!$AB:$AB,">=0")+COUNTIFS(RESULTADOS_GRID!$B:$B,$A17,RESULTADOS_GRID!$AB:$AB,"<0"))=0,"",SUMIF(RESULTADOS_GRID!$B:$B,$A17,RESULTADOS_GRID!$AB:$AB)/(COUNTIFS(RESULTADOS_GRID!$B:$B,$A17,RESULTADOS_GRID!$AB:$AB,">=0")+COUNTIFS(RESULTADOS_GRID!$B:$B,$A17,RESULTADOS_GRID!$AB:$AB,"<0")))) | O17: =IF($I17="","",COUNTIFS($I$2:$I$101,"<"&$I17)+1)
B18: =IF($A18="","",IFERROR(INDEX(RESULTADOS_GRID!$C:$C,MATCH($A18,RESULTADOS_GRID!$B:$B,0)),"")) | C18: =IF($A18="","",IFERROR(INDEX(RESULTADOS_GRID!$E:$E,MATCH($A18,RESULTADOS_GRID!$B:$B,0)),"")) | D18: =IF($A18="","",IFERROR(INDEX(RESULTADOS_GRID!$D:$D,MATCH($A18,RESULTADOS_GRID!$B:$B,0)),"")) | E18: =IF($A18="","",COUNTIF(RESULTADOS_GRID!$B:$B,$A18)) | F18: =IF($A18="","",SUMIF(RESULTADOS_GRID!$B:$B,$A18,RESULTADOS_GRID!$X:$X)) | H18: =CONFIG_REFERENCIA!$E$7 | I18: =IF($A18="","",$F18+N($G18)*$H18) | J18: =IF($A18="","",IF((COUNTIFS(RESULTADOS_GRID!$B:$B,$A18,RESULTADOS_GRID!$Y:$Y,">=0")+COUNTIFS(RESULTADOS_GRID!$B:$B,$A18,RESULTADOS_GRID!$Y:$Y,"<0"))=0,"",SUMIF(RESULTADOS_GRID!$B:$B,$A18,RESULTADOS_GRID!$Y:$Y)/(COUNTIFS(RESULTADOS_GRID!$B:$B,$A18,RESULTADOS_GRID!$Y:$Y,">=0")+COUNTIFS(RESULTADOS_GRID!$B:$B,$A18,RESULTADOS_GRID!$Y:$Y,"<0")))) | K18: =IF($A18="","",IF((COUNTIFS(RESULTADOS_GRID!$B:$B,$A18,RESULTADOS_GRID!$Z:$Z,">=0")+COUNTIFS(RESULTADOS_GRID!$B:$B,$A18,RESULTADOS_GRID!$Z:$Z,"<0"))=0,"",SUMIF(RESULTADOS_GRID!$B:$B,$A18,RESULTADOS_GRID!$Z:$Z)/(COUNTIFS(RESULTADOS_GRID!$B:$B,$A18,RESULTADOS_GRID!$Z:$Z,">=0")+COUNTIFS(RESULTADOS_GRID!$B:$B,$A18,RESULTADOS_GRID!$Z:$Z,"<0")))) | L18: =IF($A18="","",IF((COUNTIFS(RESULTADOS_GRID!$B:$B,$A18,RESULTADOS_GRID!$AA:$AA,">=0")+COUNTIFS(RESULTADOS_GRID!$B:$B,$A18,RESULTADOS_GRID!$AA:$AA,"<0"))=0,"",SUMIF(RESULTADOS_GRID!$B:$B,$A18,RESULTADOS_GRID!$AA:$AA)/(COUNTIFS(RESULTADOS_GRID!$B:$B,$A18,RESULTADOS_GRID!$AA:$AA,">=0")+COUNTIFS(RESULTADOS_GRID!$B:$B,$A18,RESULTADOS_GRID!$AA:$AA,"<0")))) | M18: =IF($A18="","",IF((COUNTIFS(RESULTADOS_GRID!$B:$B,$A18,RESULTADOS_GRID!$AB:$AB,">=0")+COUNTIFS(RESULTADOS_GRID!$B:$B,$A18,RESULTADOS_GRID!$AB:$AB,"<0"))=0,"",SUMIF(RESULTADOS_GRID!$B:$B,$A18,RESULTADOS_GRID!$AB:$AB)/(COUNTIFS(RESULTADOS_GRID!$B:$B,$A18,RESULTADOS_GRID!$AB:$AB,">=0")+COUNTIFS(RESULTADOS_GRID!$B:$B,$A18,RESULTADOS_GRID!$AB:$AB,"<0")))) | O18: =IF($I18="","",COUNTIFS($I$2:$I$101,"<"&$I18)+1)
B19: =IF($A19="","",IFERROR(INDEX(RESULTADOS_GRID!$C:$C,MATCH($A19,RESULTADOS_GRID!$B:$B,0)),"")) | C19: =IF($A19="","",IFERROR(INDEX(RESULTADOS_GRID!$E:$E,MATCH($A19,RESULTADOS_GRID!$B:$B,0)),"")) | D19: =IF($A19="","",IFERROR(INDEX(RESULTADOS_GRID!$D:$D,MATCH($A19,RESULTADOS_GRID!$B:$B,0)),"")) | E19: =IF($A19="","",COUNTIF(RESULTADOS_GRID!$B:$B,$A19)) | F19: =IF($A19="","",SUMIF(RESULTADOS_GRID!$B:$B,$A19,RESULTADOS_GRID!$X:$X)) | H19: =CONFIG_REFERENCIA!$E$7 | I19: =IF($A19="","",$F19+N($G19)*$H19) | J19: =IF($A19="","",IF((COUNTIFS(RESULTADOS_GRID!$B:$B,$A19,RESULTADOS_GRID!$Y:$Y,">=0")+COUNTIFS(RESULTADOS_GRID!$B:$B,$A19,RESULTADOS_GRID!$Y:$Y,"<0"))=0,"",SUMIF(RESULTADOS_GRID!$B:$B,$A19,RESULTADOS_GRID!$Y:$Y)/(COUNTIFS(RESULTADOS_GRID!$B:$B,$A19,RESULTADOS_GRID!$Y:$Y,">=0")+COUNTIFS(RESULTADOS_GRID!$B:$B,$A19,RESULTADOS_GRID!$Y:$Y,"<0")))) | K19: =IF($A19="","",IF((COUNTIFS(RESULTADOS_GRID!$B:$B,$A19,RESULTADOS_GRID!$Z:$Z,">=0")+COUNTIFS(RESULTADOS_GRID!$B:$B,$A19,RESULTADOS_GRID!$Z:$Z,"<0"))=0,"",SUMIF(RESULTADOS_GRID!$B:$B,$A19,RESULTADOS_GRID!$Z:$Z)/(COUNTIFS(RESULTADOS_GRID!$B:$B,$A19,RESULTADOS_GRID!$Z:$Z,">=0")+COUNTIFS(RESULTADOS_GRID!$B:$B,$A19,RESULTADOS_GRID!$Z:$Z,"<0")))) | L19: =IF($A19="","",IF((COUNTIFS(RESULTADOS_GRID!$B:$B,$A19,RESULTADOS_GRID!$AA:$AA,">=0")+COUNTIFS(RESULTADOS_GRID!$B:$B,$A19,RESULTADOS_GRID!$AA:$AA,"<0"))=0,"",SUMIF(RESULTADOS_GRID!$B:$B,$A19,RESULTADOS_GRID!$AA:$AA)/(COUNTIFS(RESULTADOS_GRID!$B:$B,$A19,RESULTADOS_GRID!$AA:$AA,">=0")+COUNTIFS(RESULTADOS_GRID!$B:$B,$A19,RESULTADOS_GRID!$AA:$AA,"<0")))) | M19: =IF($A19="","",IF((COUNTIFS(RESULTADOS_GRID!$B:$B,$A19,RESULTADOS_GRID!$AB:$AB,">=0")+COUNTIFS(RESULTADOS_GRID!$B:$B,$A19,RESULTADOS_GRID!$AB:$AB,"<0"))=0,"",SUMIF(RESULTADOS_GRID!$B:$B,$A19,RESULTADOS_GRID!$AB:$AB)/(COUNTIFS(RESULTADOS_GRID!$B:$B,$A19,RESULTADOS_GRID!$AB:$AB,">=0")+COUNTIFS(RESULTADOS_GRID!$B:$B,$A19,RESULTADOS_GRID!$AB:$AB,"<0")))) | O19: =IF($I19="","",COUNTIFS($I$2:$I$101,"<"&$I19)+1)
B20: =IF($A20="","",IFERROR(INDEX(RESULTADOS_GRID!$C:$C,MATCH($A20,RESULTADOS_GRID!$B:$B,0)),"")) | C20: =IF($A20="","",IFERROR(INDEX(RESULTADOS_GRID!$E:$E,MATCH($A20,RESULTADOS_GRID!$B:$B,0)),"")) | D20: =IF($A20="","",IFERROR(INDEX(RESULTADOS_GRID!$D:$D,MATCH($A20,RESULTADOS_GRID!$B:$B,0)),"")) | E20: =IF($A20="","",COUNTIF(RESULTADOS_GRID!$B:$B,$A20)) | F20: =IF($A20="","",SUMIF(RESULTADOS_GRID!$B:$B,$A20,RESULTADOS_GRID!$X:$X)) | H20: =CONFIG_REFERENCIA!$E$7 | I20: =IF($A20="","",$F20+N($G20)*$H20) | J20: =IF($A20="","",IF((COUNTIFS(RESULTADOS_GRID!$B:$B,$A20,RESULTADOS_GRID!$Y:$Y,">=0")+COUNTIFS(RESULTADOS_GRID!$B:$B,$A20,RESULTADOS_GRID!$Y:$Y,"<0"))=0,"",SUMIF(RESULTADOS_GRID!$B:$B,$A20,RESULTADOS_GRID!$Y:$Y)/(COUNTIFS(RESULTADOS_GRID!$B:$B,$A20,RESULTADOS_GRID!$Y:$Y,">=0")+COUNTIFS(RESULTADOS_GRID!$B:$B,$A20,RESULTADOS_GRID!$Y:$Y,"<0")))) | K20: =IF($A20="","",IF((COUNTIFS(RESULTADOS_GRID!$B:$B,$A20,RESULTADOS_GRID!$Z:$Z,">=0")+COUNTIFS(RESULTADOS_GRID!$B:$B,$A20,RESULTADOS_GRID!$Z:$Z,"<0"))=0,"",SUMIF(RESULTADOS_GRID!$B:$B,$A20,RESULTADOS_GRID!$Z:$Z)/(COUNTIFS(RESULTADOS_GRID!$B:$B,$A20,RESULTADOS_GRID!$Z:$Z,">=0")+COUNTIFS(RESULTADOS_GRID!$B:$B,$A20,RESULTADOS_GRID!$Z:$Z,"<0")))) | L20: =IF($A20="","",IF((COUNTIFS(RESULTADOS_GRID!$B:$B,$A20,RESULTADOS_GRID!$AA:$AA,">=0")+COUNTIFS(RESULTADOS_GRID!$B:$B,$A20,RESULTADOS_GRID!$AA:$AA,"<0"))=0,"",SUMIF(RESULTADOS_GRID!$B:$B,$A20,RESULTADOS_GRID!$AA:$AA)/(COUNTIFS(RESULTADOS_GRID!$B:$B,$A20,RESULTADOS_GRID!$AA:$AA,">=0")+COUNTIFS(RESULTADOS_GRID!$B:$B,$A20,RESULTADOS_GRID!$AA:$AA,"<0")))) | M20: =IF($A20="","",IF((COUNTIFS(RESULTADOS_GRID!$B:$B,$A20,RESULTADOS_GRID!$AB:$AB,">=0")+COUNTIFS(RESULTADOS_GRID!$B:$B,$A20,RESULTADOS_GRID!$AB:$AB,"<0"))=0,"",SUMIF(RESULTADOS_GRID!$B:$B,$A20,RESULTADOS_GRID!$AB:$AB)/(COUNTIFS(RESULTADOS_GRID!$B:$B,$A20,RESULTADOS_GRID!$AB:$AB,">=0")+COUNTIFS(RESULTADOS_GRID!$B:$B,$A20,RESULTADOS_GRID!$AB:$AB,"<0")))) | O20: =IF($I20="","",COUNTIFS($I$2:$I$101,"<"&$I20)+1)
B21: =IF($A21="","",IFERROR(INDEX(RESULTADOS_GRID!$C:$C,MATCH($A21,RESULTADOS_GRID!$B:$B,0)),"")) | C21: =IF($A21="","",IFERROR(INDEX(RESULTADOS_GRID!$E:$E,MATCH($A21,RESULTADOS_GRID!$B:$B,0)),"")) | D21: =IF($A21="","",IFERROR(INDEX(RESULTADOS_GRID!$D:$D,MATCH($A21,RESULTADOS_GRID!$B:$B,0)),"")) | E21: =IF($A21="","",COUNTIF(RESULTADOS_GRID!$B:$B,$A21)) | F21: =IF($A21="","",SUMIF(RESULTADOS_GRID!$B:$B,$A21,RESULTADOS_GRID!$X:$X)) | H21: =CONFIG_REFERENCIA!$E$7 | I21: =IF($A21="","",$F21+N($G21)*$H21) | J21: =IF($A21="","",IF((COUNTIFS(RESULTADOS_GRID!$B:$B,$A21,RESULTADOS_GRID!$Y:$Y,">=0")+COUNTIFS(RESULTADOS_GRID!$B:$B,$A21,RESULTADOS_GRID!$Y:$Y,"<0"))=0,"",SUMIF(RESULTADOS_GRID!$B:$B,$A21,RESULTADOS_GRID!$Y:$Y)/(COUNTIFS(RESULTADOS_GRID!$B:$B,$A21,RESULTADOS_GRID!$Y:$Y,">=0")+COUNTIFS(RESULTADOS_GRID!$B:$B,$A21,RESULTADOS_GRID!$Y:$Y,"<0")))) | K21: =IF($A21="","",IF((COUNTIFS(RESULTADOS_GRID!$B:$B,$A21,RESULTADOS_GRID!$Z:$Z,">=0")+COUNTIFS(RESULTADOS_GRID!$B:$B,$A21,RESULTADOS_GRID!$Z:$Z,"<0"))=0,"",SUMIF(RESULTADOS_GRID!$B:$B,$A21,RESULTADOS_GRID!$Z:$Z)/(COUNTIFS(RESULTADOS_GRID!$B:$B,$A21,RESULTADOS_GRID!$Z:$Z,">=0")+COUNTIFS(RESULTADOS_GRID!$B:$B,$A21,RESULTADOS_GRID!$Z:$Z,"<0")))) | L21: =IF($A21="","",IF((COUNTIFS(RESULTADOS_GRID!$B:$B,$A21,RESULTADOS_GRID!$AA:$AA,">=0")+COUNTIFS(RESULTADOS_GRID!$B:$B,$A21,RESULTADOS_GRID!$AA:$AA,"<0"))=0,"",SUMIF(RESULTADOS_GRID!$B:$B,$A21,RESULTADOS_GRID!$AA:$AA)/(COUNTIFS(RESULTADOS_GRID!$B:$B,$A21,RESULTADOS_GRID!$AA:$AA,">=0")+COUNTIFS(RESULTADOS_GRID!$B:$B,$A21,RESULTADOS_GRID!$AA:$AA,"<0")))) | M21: =IF($A21="","",IF((COUNTIFS(RESULTADOS_GRID!$B:$B,$A21,RESULTADOS_GRID!$AB:$AB,">=0")+COUNTIFS(RESULTADOS_GRID!$B:$B,$A21,RESULTADOS_GRID!$AB:$AB,"<0"))=0,"",SUMIF(RESULTADOS_GRID!$B:$B,$A21,RESULTADOS_GRID!$AB:$AB)/(COUNTIFS(RESULTADOS_GRID!$B:$B,$A21,RESULTADOS_GRID!$AB:$AB,">=0")+COUNTIFS(RESULTADOS_GRID!$B:$B,$A21,RESULTADOS_GRID!$AB:$AB,"<0")))) | O21: =IF($I21="","",COUNTIFS($I$2:$I$101,"<"&$I21)+1)
B22: =IF($A22="","",IFERROR(INDEX(RESULTADOS_GRID!$C:$C,MATCH($A22,RESULTADOS_GRID!$B:$B,0)),"")) | C22: =IF($A22="","",IFERROR(INDEX(RESULTADOS_GRID!$E:$E,MATCH($A22,RESULTADOS_GRID!$B:$B,0)),"")) | D22: =IF($A22="","",IFERROR(INDEX(RESULTADOS_GRID!$D:$D,MATCH($A22,RESULTADOS_GRID!$B:$B,0)),"")) | E22: =IF($A22="","",COUNTIF(RESULTADOS_GRID!$B:$B,$A22)) | F22: =IF($A22="","",SUMIF(RESULTADOS_GRID!$B:$B,$A22,RESULTADOS_GRID!$X:$X)) | H22: =CONFIG_REFERENCIA!$E$7 | I22: =IF($A22="","",$F22+N($G22)*$H22) | J22: =IF($A22="","",IF((COUNTIFS(RESULTADOS_GRID!$B:$B,$A22,RESULTADOS_GRID!$Y:$Y,">=0")+COUNTIFS(RESULTADOS_GRID!$B:$B,$A22,RESULTADOS_GRID!$Y:$Y,"<0"))=0,"",SUMIF(RESULTADOS_GRID!$B:$B,$A22,RESULTADOS_GRID!$Y:$Y)/(COUNTIFS(RESULTADOS_GRID!$B:$B,$A22,RESULTADOS_GRID!$Y:$Y,">=0")+COUNTIFS(RESULTADOS_GRID!$B:$B,$A22,RESULTADOS_GRID!$Y:$Y,"<0")))) | K22: =IF($A22="","",IF((COUNTIFS(RESULTADOS_GRID!$B:$B,$A22,RESULTADOS_GRID!$Z:$Z,">=0")+COUNTIFS(RESULTADOS_GRID!$B:$B,$A22,RESULTADOS_GRID!$Z:$Z,"<0"))=0,"",SUMIF(RESULTADOS_GRID!$B:$B,$A22,RESULTADOS_GRID!$Z:$Z)/(COUNTIFS(RESULTADOS_GRID!$B:$B,$A22,RESULTADOS_GRID!$Z:$Z,">=0")+COUNTIFS(RESULTADOS_GRID!$B:$B,$A22,RESULTADOS_GRID!$Z:$Z,"<0")))) | L22: =IF($A22="","",IF((COUNTIFS(RESULTADOS_GRID!$B:$B,$A22,RESULTADOS_GRID!$AA:$AA,">=0")+COUNTIFS(RESULTADOS_GRID!$B:$B,$A22,RESULTADOS_GRID!$AA:$AA,"<0"))=0,"",SUMIF(RESULTADOS_GRID!$B:$B,$A22,RESULTADOS_GRID!$AA:$AA)/(COUNTIFS(RESULTADOS_GRID!$B:$B,$A22,RESULTADOS_GRID!$AA:$AA,">=0")+COUNTIFS(RESULTADOS_GRID!$B:$B,$A22,RESULTADOS_GRID!$AA:$AA,"<0")))) | M22: =IF($A22="","",IF((COUNTIFS(RESULTADOS_GRID!$B:$B,$A22,RESULTADOS_GRID!$AB:$AB,">=0")+COUNTIFS(RESULTADOS_GRID!$B:$B,$A22,RESULTADOS_GRID!$AB:$AB,"<0"))=0,"",SUMIF(RESULTADOS_GRID!$B:$B,$A22,RESULTADOS_GRID!$AB:$AB)/(COUNTIFS(RESULTADOS_GRID!$B:$B,$A22,RESULTADOS_GRID!$AB:$AB,">=0")+COUNTIFS(RESULTADOS_GRID!$B:$B,$A22,RESULTADOS_GRID!$AB:$AB,"<0")))) | O22: =IF($I22="","",COUNTIFS($I$2:$I$101,"<"&$I22)+1)
B23: =IF($A23="","",IFERROR(INDEX(RESULTADOS_GRID!$C:$C,MATCH($A23,RESULTADOS_GRID!$B:$B,0)),"")) | C23: =IF($A23="","",IFERROR(INDEX(RESULTADOS_GRID!$E:$E,MATCH($A23,RESULTADOS_GRID!$B:$B,0)),"")) | D23: =IF($A23="","",IFERROR(INDEX(RESULTADOS_GRID!$D:$D,MATCH($A23,RESULTADOS_GRID!$B:$B,0)),"")) | E23: =IF($A23="","",COUNTIF(RESULTADOS_GRID!$B:$B,$A23)) | F23: =IF($A23="","",SUMIF(RESULTADOS_GRID!$B:$B,$A23,RESULTADOS_GRID!$X:$X)) | H23: =CONFIG_REFERENCIA!$E$7 | I23: =IF($A23="","",$F23+N($G23)*$H23) | J23: =IF($A23="","",IF((COUNTIFS(RESULTADOS_GRID!$B:$B,$A23,RESULTADOS_GRID!$Y:$Y,">=0")+COUNTIFS(RESULTADOS_GRID!$B:$B,$A23,RESULTADOS_GRID!$Y:$Y,"<0"))=0,"",SUMIF(RESULTADOS_GRID!$B:$B,$A23,RESULTADOS_GRID!$Y:$Y)/(COUNTIFS(RESULTADOS_GRID!$B:$B,$A23,RESULTADOS_GRID!$Y:$Y,">=0")+COUNTIFS(RESULTADOS_GRID!$B:$B,$A23,RESULTADOS_GRID!$Y:$Y,"<0")))) | K23: =IF($A23="","",IF((COUNTIFS(RESULTADOS_GRID!$B:$B,$A23,RESULTADOS_GRID!$Z:$Z,">=0")+COUNTIFS(RESULTADOS_GRID!$B:$B,$A23,RESULTADOS_GRID!$Z:$Z,"<0"))=0,"",SUMIF(RESULTADOS_GRID!$B:$B,$A23,RESULTADOS_GRID!$Z:$Z)/(COUNTIFS(RESULTADOS_GRID!$B:$B,$A23,RESULTADOS_GRID!$Z:$Z,">=0")+COUNTIFS(RESULTADOS_GRID!$B:$B,$A23,RESULTADOS_GRID!$Z:$Z,"<0")))) | L23: =IF($A23="","",IF((COUNTIFS(RESULTADOS_GRID!$B:$B,$A23,RESULTADOS_GRID!$AA:$AA,">=0")+COUNTIFS(RESULTADOS_GRID!$B:$B,$A23,RESULTADOS_GRID!$AA:$AA,"<0"))=0,"",SUMIF(RESULTADOS_GRID!$B:$B,$A23,RESULTADOS_GRID!$AA:$AA)/(COUNTIFS(RESULTADOS_GRID!$B:$B,$A23,RESULTADOS_GRID!$AA:$AA,">=0")+COUNTIFS(RESULTADOS_GRID!$B:$B,$A23,RESULTADOS_GRID!$AA:$AA,"<0")))) | M23: =IF($A23="","",IF((COUNTIFS(RESULTADOS_GRID!$B:$B,$A23,RESULTADOS_GRID!$AB:$AB,">=0")+COUNTIFS(RESULTADOS_GRID!$B:$B,$A23,RESULTADOS_GRID!$AB:$AB,"<0"))=0,"",SUMIF(RESULTADOS_GRID!$B:$B,$A23,RESULTADOS_GRID!$AB:$AB)/(COUNTIFS(RESULTADOS_GRID!$B:$B,$A23,RESULTADOS_GRID!$AB:$AB,">=0")+COUNTIFS(RESULTADOS_GRID!$B:$B,$A23,RESULTADOS_GRID!$AB:$AB,"<0")))) | O23: =IF($I23="","",COUNTIFS($I$2:$I$101,"<"&$I23)+1)
... B101: =IF($A101="","",IFERROR(INDEX(RESULTADOS_GRID!$C:$C,MATCH($A101,RESULTADOS_GRID!$B:$B,0)),"")) | C101: =IF($A101="","",IFERROR(INDEX(RESULTADOS_GRID!$E:$E,MATCH($A101,RESULTADOS_GRID!$B:$B,0)),"")) | D101: =IF($A101="","",IFERROR(INDEX(RESULTADOS_GRID!$D:$D,MATCH($A101,RESULTADOS_GRID!$B:$B,0)),"")) | E101: =IF($A101="","",COUNTIF(RESULTADOS_GRID!$B:$B,$A101)) | F101: =IF($A101="","",SUMIF(RESULTADOS_GRID!$B:$B,$A101,RESULTADOS_GRID!$X:$X)) | H101: =CONFIG_REFERENCIA!$E$7 | I101: =IF($A101="","",$F101+N($G101)*$H101) | J101: =IF($A101="","",IF((COUNTIFS(RESULTADOS_GRID!$B:$B,$A101,RESULTADOS_GRID!$Y:$Y,">=0")+COUNTIFS(RESULTADOS_GRID!$B:$B,$A101,RESULTADOS_GRID!$Y:$Y,"<0"))=0,"",SUMIF(RESULTADOS_GRID!$B:$B,$A101,RESULTADOS_GRID!$Y:$Y)/(COUNTIFS(RESULTADOS_GRID!$B:$B,$A101,RESULTADOS_GRID!$Y:$Y,">=0")+COUNTIFS(RESULTADOS_GRID!$B:$B,$A101,RESULTADOS_GRID!$Y:$Y,"<0")))) | K101: =IF($A101="","",IF((COUNTIFS(RESULTADOS_GRID!$B:$B,$A101,RESULTADOS_GRID!$Z:$Z,">=0")+COUNTIFS(RESULTADOS_GRID!$B:$B,$A101,RESULTADOS_GRID!$Z:$Z,"<0"))=0,"",SUMIF(RESULTADOS_GRID!$B:$B,$A101,RESULTADOS_GRID!$Z:$Z)/(COUNTIFS(RESULTADOS_GRID!$B:$B,$A101,RESULTADOS_GRID!$Z:$Z,">=0")+COUNTIFS(RESULTADOS_GRID!$B:$B,$A101,RESULTADOS_GRID!$Z:$Z,"<0")))) | L101: =IF($A101="","",IF((COUNTIFS(RESULTADOS_GRID!$B:$B,$A101,RESULTADOS_GRID!$AA:$AA,">=0")+COUNTIFS(RESULTADOS_GRID!$B:$B,$A101,RESULTADOS_GRID!$AA:$AA,"<0"))=0,"",SUMIF(RESULTADOS_GRID!$B:$B,$A101,RESULTADOS_GRID!$AA:$AA)/(COUNTIFS(RESULTADOS_GRID!$B:$B,$A101,RESULTADOS_GRID!$AA:$AA,">=0")+COUNTIFS(RESULTADOS_GRID!$B:$B,$A101,RESULTADOS_GRID!$AA:$AA,"<0")))) | M101: =IF($A101="","",IF((COUNTIFS(RESULTADOS_GRID!$B:$B,$A101,RESULTADOS_GRID!$AB:$AB,">=0")+COUNTIFS(RESULTADOS_GRID!$B:$B,$A101,RESULTADOS_GRID!$AB:$AB,"<0"))=0,"",SUMIF(RESULTADOS_GRID!$B:$B,$A101,RESULTADOS_GRID!$AB:$AB)/(COUNTIFS(RESULTADOS_GRID!$B:$B,$A101,RESULTADOS_GRID!$AB:$AB,">=0")+COUNTIFS(RESULTADOS_GRID!$B:$B,$A101,RESULTADOS_GRID!$AB:$AB,"<0")))) | O101: =IF($I101="","",COUNTIFS($I$2:$I$101,"<"&$I101)+1)
A102: E1_v2 | B102: E1 | C102: RidgeCV | D102: lineal_regularizado | E102: 4 | F102: 0.2610613 | H102: 0.05 | I102: 0.2610613 | J102: 0.10483701 | K102: 0.13524448 | L102: 0.74504375 | M102: 0.74647436 | P102: Familia lineal regularizada con RidgeCV | transform_mode=standard. | L_total_Radar=0.261061 | Q102: run_e1_ridge.py | R102: Scripts/Modeling/run_e1_ridge.py | S102: Experimentos/runs/E1_v2_20260321_083922 | T102: Experimentos/runs/E1_v2_20260321_083922/scripts/run_e1_ridge.py | U102: Experimentos/runs/E1_v2_20260321_083922/parametros_run.json | V102: Experimentos/runs/E1_v2_20260321_083922/metricas_horizonte.json | W102: 2026-03-21 08:39:22
A103: E1_v2_clean | B103: E1 | C103: ridge_tscv | D103: lineal_regularizado | E103: 4 | F103: 0.26123867 | H103: 0.05 | I103: 0.26123867 | J103: 0.10322502 | K103: 0.13222629 | L103: 0.74504375 | M103: 0.74647436 | P103: Ridge clean con tuning interno TimeSeriesSplit | metric=mae | L_total_Radar=0.261239 | Q103: run_e1_ridge_clean.py | R103: Scripts/Modeling/run_e1_ridge_clean.py | S103: Experimentos/runs/E1_v2_clean_20260321_094241 | T103: Experimentos/runs/E1_v2_clean_20260321_094241/scripts/run_e1_ridge_clean.py | U103: Experimentos/runs/E1_v2_clean_20260321_094241/parametros_run.json | V103: Experimentos/runs/E1_v2_clean_20260321_094241/metricas_horizonte.json | W103: 2026-03-21 09:42:41
A104: E1_v3_clean | B104: E1 | C104: ridge_tscv | D104: lineal_regularizado | E104: 4 | F104: 0.39804757 | H104: 0.05 | I104: 0.39804757 | J104: 0.14872428 | K104: 0.1855322 | L104: 0.48567359 | M104: 0.60128205 | P104: Ridge clean con tuning interno TimeSeriesSplit | metric=mae | L_total_Radar=0.398048 | Q104: run_e1_ridge_clean.py | R104: Scripts/Modeling/run_e1_ridge_clean.py | S104: Experimentos/runs/E1_v3_clean_20260321_103256 | T104: Experimentos/runs/E1_v3_clean_20260321_103256/scripts/run_e1_ridge_clean.py | U104: Experimentos/runs/E1_v3_clean_20260321_103256/parametros_run.json | V104: Experimentos/runs/E1_v3_clean_20260321_103256/metricas_horizonte.json | W104: 2026-03-21 10:32:56
A105: E1_v4_clean | B105: E1 | C105: ridge_tscv | D105: lineal_regularizado | E105: 4 | F105: 0.25327744 | H105: 0.05 | I105: 0.25327744 | J105: 0.10287614 | K105: 0.13289758 | L105: 0.74435694 | M105: 0.76570513 | P105: Ridge clean con tuning interno TimeSeriesSplit | metric=mae | L_total_Radar=0.253277 | Q105: run_e1_ridge_clean.py | R105: Scripts/Modeling/run_e1_ridge_clean.py | S105: Experimentos/runs/E1_v4_clean_20260321_103832 | T105: Experimentos/runs/E1_v4_clean_20260321_103832/scripts/run_e1_ridge_clean.py | U105: Experimentos/runs/E1_v4_clean_20260321_103832/parametros_run.json | V105: Experimentos/runs/E1_v4_clean_20260321_103832/metricas_horizonte.json | W105: 2026-03-21 10:38:32
A106: E1_v5_clean | B106: E1 | C106: ridge_tscv | D106: lineal_regularizado | E106: 4 | F106: 0.24344176 | H106: 0.05 | I106: 0.24344176 | J106: 0.10251196 | K106: 0.13651218 | L106: 0.74375279 | M106: 0.78232323 | P106: Ridge clean con tuning interno TimeSeriesSplit | metric=mae | L_total_Radar=0.243442 | Q106: run_e1_ridge_clean.py | R106: Scripts/Modeling/run_e1_ridge_clean.py | S106: Experimentos/runs/E1_v5_clean_20260321_105449 | T106: Experimentos/runs/E1_v5_clean_20260321_105449/scripts/run_e1_ridge_clean.py | U106: Experimentos/runs/E1_v5_clean_20260321_105449/parametros_run.json | V106: Experimentos/runs/E1_v5_clean_20260321_105449/metricas_horizonte.json | W106: 2026-03-21 10:54:49
A107: E2_v1_clean | B107: E2 | C107: huber_tscv | D107: robusto | E107: 4 | F107: 0.30190732 | H107: 0.05 | I107: 0.30190732 | J107: 0.14667792 | K107: 0.19128807 | L107: 0.62982581 | M107: 0.72676768 | P107: Huber limpio con tuning interno TimeSeriesSplit | metric=mae | L_total_Radar=0.301907 | Q107: run_e2_huber_clean.py | R107: Scripts/Modeling/run_e2_huber_clean.py | S107: Experimentos/runs/E2_v1_clean_20260323_050029 | T107: Experimentos/runs/E2_v1_clean_20260323_050029/scripts/run_e2_huber_clean.py | U107: Experimentos/runs/E2_v1_clean_20260323_050029/parametros_run.json | V107: Experimentos/runs/E2_v1_clean_20260323_050029/metricas_horizonte.json | W107: 2026-03-23 05:00:29
A108: E2_v2_clean | B108: E2 | C108: huber_tscv | D108: robusto | E108: 4 | F108: 0.30192032 | H108: 0.05 | I108: 0.30192032 | J108: 0.14669696 | K108: 0.19124605 | L108: 0.62982581 | M108: 0.72676768 | P108: Huber limpio con tuning interno TimeSeriesSplit | hipotesis=control_de_convergencia | metric=mae | L_total_Radar=0.301920 | Q108: run_e2_huber_clean.py | R108: Scripts/Modeling/run_e2_huber_clean.py | S108: Experimentos/runs/E2_v2_clean_20260323_054101 | T108: Experimentos/runs/E2_v2_clean_20260323_054101/scripts/run_e2_huber_clean.py | U108: Experimentos/runs/E2_v2_clean_20260323_054101/parametros_run.json | V108: Experimentos/runs/E2_v2_clean_20260323_054101/metricas_horizonte.json | W108: 2026-03-23 05:41:01
A109: E2_v3_clean | B109: E2 | C109: huber_tscv | D109: robusto | E109: 4 | F109: 0.28646451 | H109: 0.05 | I109: 0.28646451 | J109: 0.12966202 | K109: 0.15705309 | L109: 0.70762821 | M109: 0.76987179 | P109: Huber limpio con tuning interno TimeSeriesSplit | hipotesis=prueba_sin_memoria_larga | metric=mae | L_total_Radar=0.286465 | Q109: run_e2_huber_clean.py | R109: Scripts/Modeling/run_e2_huber_clean.py | S109: Experimentos/runs/E2_v3_clean_20260323_061213 | T109: Experimentos/runs/E2_v3_clean_20260323_061213/scripts/run_e2_huber_clean.py | U109: Experimentos/runs/E2_v3_clean_20260323_061213/parametros_run.json | V109: Experimentos/runs/E2_v3_clean_20260323_061213/metricas_horizonte.json | W109: 2026-03-23 06:12:13
A110: E3_v1_clean | B110: E3 | C110: random_forest_regressor | D110: arboles_boosting | E110: 4 | F110: 0.28089232 | H110: 0.05 | I110: 0.28089232 | J110: 0.10588587 | K110: 0.1365884 | L110: 0.70406912 | M110: 0.68093434 | P110: Random Forest limpio con walk-forward temporal | hipotesis=baseline_no_lineal_corr_memoria_larga | sin escalado por naturaleza basada en arboles | L_total_Radar=0.280892 | Q110: run_e3_random_forest.py | R110: Scripts/Modeling/run_e3_random_forest.py | S110: Experimentos/runs/E3_v1_clean_20260323_073144 | T110: Experimentos/runs/E3_v1_clean_20260323_073144/scripts/run_e3_random_forest.py | U110: Experimentos/runs/E3_v1_clean_20260323_073144/parametros_run.json | V110: Experimentos/runs/E3_v1_clean_20260323_073144/metricas_horizonte.json | W110: 2026-03-23 07:31:44
A111: E3_v3_clean | B111: E3 | C111: extra_trees_regressor | D111: arboles_boosting | E111: 4 | F111: 0.28728935 | H111: 0.05 | I111: 0.28728935 | J111: 0.11068233 | K111: 0.14135207 | L111: 0.72329989 | M111: 0.65593434 | P111: ExtraTrees limpio con walk-forward temporal | hipotesis=extratrees_mas_aleatorio_h3_h4 | sin escalado por naturaleza basada en arboles | L_total_Radar=0.287289 | Q111: run_e3_random_forest.py | R111: Scripts/Modeling/run_e3_random_forest.py | S111: Experimentos/runs/E3_v3_clean_20260323_080110 | T111: Experimentos/runs/E3_v3_clean_20260323_080110/scripts/run_e3_random_forest.py | U111: Experimentos/runs/E3_v3_clean_20260323_080110/parametros_run.json | V111: Experimentos/runs/E3_v3_clean_20260323_080110/metricas_horizonte.json | W111: 2026-03-23 08:01:10
A112: E3_v2_clean | B112: E3 | C112: random_forest_regressor | D112: arboles_boosting | E112: 4 | F112: 0.2663867 | H112: 0.05 | I112: 0.2663867 | J112: 0.10421736 | K112: 0.13465751 | L112: 0.73375279 | M112: 0.70871212 | P112: Random Forest limpio con walk-forward temporal | hipotesis=random_forest_base_amplia | sin escalado por naturaleza basada en arboles | L_total_Radar=0.266387 | Q112: run_e3_random_forest.py | R112: Scripts/Modeling/run_e3_random_forest.py | S112: Experimentos/runs/E3_v2_clean_20260325_045918 | T112: Experimentos/runs/E3_v2_clean_20260325_045918/scripts/run_e3_random_forest.py | U112: Experimentos/runs/E3_v2_clean_20260325_045918/parametros_run.json | V112: Experimentos/runs/E3_v2_clean_20260325_045918/metricas_horizonte.json | W112: 2026-03-25 04:59:18
A113: E4_v1_clean | B113: E4 | C113: xgboost_regressor | D113: arboles_boosting | E113: 4 | F113: 0.28393411 | H113: 0.05 | I113: 0.28393411 | J113: 0.11327369 | K113: 0.14223685 | L113: 0.69375697 | M113: 0.70871212 | P113: XGBoost limpio con walk-forward temporal | hipotesis=boosting_base_conservador | baseline fijo sin tuning interno | sin escalado por naturaleza basada en arboles | L_total_Radar=0.283934 | Q113: run_e4_xgboost.py | R113: Scripts/Modeling/run_e4_xgboost.py | S113: Experimentos/runs/E4_v1_clean_20260325_052051 | T113: Experimentos/runs/E4_v1_clean_20260325_052051/scripts/run_e4_xgboost.py | U113: Experimentos/runs/E4_v1_clean_20260325_052051/parametros_run.json | V113: Experimentos/runs/E4_v1_clean_20260325_052051/metricas_horizonte.json | W113: 2026-03-25 05:20:51
... A116: E5_v1_clean | B116: E5 | C116: catboost_regressor | D116: arboles_boosting | E116: 4 | F116: 0.25525919 | H116: 0.05 | I116: 0.25525919 | J116: 0.10125224 | K116: 0.13584525 | L116: 0.73542363 | M116: 0.7364899 | P116: CatBoost limpio con walk-forward temporal | hipotesis=catboost_base_tabular_all | baseline fijo sin tuning interno | sin escalado por naturaleza basada en arboles | sin variables categoricas explicitas, operando sobre features numericas | L_total_Radar=0.255259 | Q116: run_e5_catboost.py | R116: Scripts/Modeling/run_e5_catboost.py | S116: Experimentos/runs/E5_v1_clean_20260330_061014 | T116: Experimentos/runs/E5_v1_clean_20260330_061014/scripts/run_e5_catboost.py | U116: Experimentos/runs/E5_v1_clean_20260330_061014/parametros_run.json | V116: Experimentos/runs/E5_v1_clean_20260330_061014/metricas_horizonte.json | W116: 2026-03-30 06:10:14
A117: C1_v1_clean | B117: C1 | C117: random_forest_classifier | D117: clasificacion_random_forest | E117: 4 | F117: 0.48333333 | H117: 0.05 | P117: RandomForestClassifier limpio con walk-forward temporal | hipotesis=rf_clf_baseline_prudente | sin tuning interno | class_weight nativo por fold | L_total_Clasificacion=0.483333 | Q117: run_c1_random_forest_classifier.py | R117: Scripts/Modeling/run_c1_random_forest_classifier.py | S117: Experimentos/runs/C1_v1_clean_20260330_085747 | T117: Experimentos/runs/C1_v1_clean_20260330_085747/scripts/run_c1_random_forest_classifier.py | U117: Experimentos/runs/C1_v1_clean_20260330_085747/parametros_run.json | V117: Experimentos/runs/C1_v1_clean_20260330_085747/metricas_horizonte.json | W117: 2026-03-30 08:57:47 | X117: clasificacion | Y117: 0.48333333 | Z117: 1 | AA117: 1 | AB117: 0.2 | AC117: 1 | AD117: 0 | AE117: 0 | AF117: 0 | AG117: 0 | AH117: 0 | AI117: 1 | AJ117: 0.33333333 | AK117: 1
A118: C1_v2_clean | B118: C1 | C118: random_forest_classifier | D118: clasificacion_random_forest | E118: 4 | F118: 0.48333333 | H118: 0.05 | P118: RandomForestClassifier limpio con walk-forward temporal | hipotesis=rf_clf_mas_parsimonioso | sin tuning interno | class_weight nativo por fold | L_total_Clasificacion=0.483333 | Q118: run_c1_random_forest_classifier.py | R118: Scripts/Modeling/run_c1_random_forest_classifier.py | S118: Experimentos/runs/C1_v2_clean_20260330_085846 | T118: Experimentos/runs/C1_v2_clean_20260330_085846/scripts/run_c1_random_forest_classifier.py | U118: Experimentos/runs/C1_v2_clean_20260330_085846/parametros_run.json | V118: Experimentos/runs/C1_v2_clean_20260330_085846/metricas_horizonte.json | W118: 2026-03-30 08:58:46 | X118: clasificacion | Y118: 0.48333333 | Z118: 1 | AA118: 1 | AB118: 0.2 | AC118: 1 | AD118: 0 | AE118: 0 | AF118: 0 | AG118: 0 | AH118: 0 | AI118: 1 | AJ118: 0.33333333 | AK118: 1
A119: C1_v3_clean | B119: C1 | C119: random_forest_classifier | D119: clasificacion_random_forest | E119: 4 | F119: 0.48333333 | H119: 0.05 | P119: RandomForestClassifier limpio con walk-forward temporal | hipotesis=rf_clf_mas_flexible_controlado | sin tuning interno | class_weight nativo por fold | L_total_Clasificacion=0.483333 | Q119: run_c1_random_forest_classifier.py | R119: Scripts/Modeling/run_c1_random_forest_classifier.py | S119: Experimentos/runs/C1_v3_clean_20260330_085854 | T119: Experimentos/runs/C1_v3_clean_20260330_085854/scripts/run_c1_random_forest_classifier.py | U119: Experimentos/runs/C1_v3_clean_20260330_085854/parametros_run.json | V119: Experimentos/runs/C1_v3_clean_20260330_085854/metricas_horizonte.json | W119: 2026-03-30 08:58:54 | X119: clasificacion | Y119: 0.48333333 | Z119: 1 | AA119: 1 | AB119: 0.2 | AC119: 1 | AD119: 0 | AE119: 0 | AF119: 0 | AG119: 0 | AH119: 0 | AI119: 1 | AJ119: 0.33333333 | AK119: 1
A120: E5_v2_clean | B120: E5 | C120: catboost_regressor | D120: arboles_boosting | E120: 4 | F120: 0.26181854 | H120: 0.05 | I120: 0.26181854 | J120: 0.10756839 | K120: 0.1385271 | L120: 0.71288322 | M120: 0.72954545 | P120: CatBoost limpio con walk-forward temporal | hipotesis=catboost_corr_vs_all | baseline fijo sin tuning interno | sin escalado por naturaleza basada en arboles | sin variables categoricas explicitas, operando sobre features numericas | L_total_Radar=0.261819 | Q120: run_e5_catboost.py | R120: Scripts/Modeling/run_e5_catboost.py | S120: Experimentos/runs/E5_v2_clean_20260330_090443 | T120: Experimentos/runs/E5_v2_clean_20260330_090443/scripts/run_e5_catboost.py | U120: Experimentos/runs/E5_v2_clean_20260330_090443/parametros_run.json | V120: Experimentos/runs/E5_v2_clean_20260330_090443/metricas_horizonte.json | W120: 2026-03-30 09:04:43 | X120: regresion
A121: E5_v3_clean | B121: E5 | C121: catboost_regressor | D121: arboles_boosting | E121: 4 | F121: 0.26131863 | H121: 0.05 | I121: 0.26131863 | J121: 0.10468621 | K121: 0.13685124 | L121: 0.72249861 | M121: 0.70176768 | P121: CatBoost limpio con walk-forward temporal | hipotesis=catboost_depth4_vs_depth5 | baseline fijo sin tuning interno | sin escalado por naturaleza basada en arboles | sin variables categoricas explicitas, operando sobre features numericas | L_total_Radar=0.261319 | Q121: run_e5_catboost.py | R121: Scripts/Modeling/run_e5_catboost.py | S121: Experimentos/runs/E5_v3_clean_20260330_090800 | T121: Experimentos/runs/E5_v3_clean_20260330_090800/scripts/run_e5_catboost.py | U121: Experimentos/runs/E5_v3_clean_20260330_090800/parametros_run.json | V121: Experimentos/runs/E5_v3_clean_20260330_090800/metricas_horizonte.json | W121: 2026-03-30 09:08:00 | X121: regresion
A122: E5_v4_clean | B122: E5 | C122: catboost_regressor | D122: arboles_boosting | E122: 4 | F122: 0.24778794 | H122: 0.05 | I122: 0.24778794 | J122: 0.10171868 | K122: 0.13477596 | L122: 0.73462235 | M122: 0.75732323 | P122: CatBoost limpio con walk-forward temporal | hipotesis=catboost_tuning_temporal_acotado | tuning interno TimeSeriesSplit | metric=mae | inner_splits=3 | L_total_Radar=0.247788 | Q122: run_e5_catboost.py | R122: Scripts/Modeling/run_e5_catboost.py | S122: Experimentos/runs/E5_v4_clean_20260330_091736 | T122: Experimentos/runs/E5_v4_clean_20260330_091736/scripts/run_e5_catboost.py | U122: Experimentos/runs/E5_v4_clean_20260330_091736/parametros_run.json | V122: Experimentos/runs/E5_v4_clean_20260330_091736/metricas_horizonte.json | W122: 2026-03-30 09:17:36 | X122: regresion
A123: E5_v5_clean | B123: E5 | C123: catboost_regressor | D123: arboles_boosting | E123: 4 | F123: 0.26442663 | H123: 0.05 | I123: 0.26442663 | J123: 0.10250827 | K123: 0.13668527 | L123: 0.7141374 | M123: 0.70871212 | P123: CatBoost limpio con walk-forward temporal | hipotesis=catboost_tuning_focal_learningrate_l2 | tuning interno TimeSeriesSplit | metric=mae | inner_splits=3 | L_total_Radar=0.264427 | Q123: run_e5_catboost.py | R123: Scripts/Modeling/run_e5_catboost.py | S123: Experimentos/runs/E5_v5_clean_20260330_092959 | T123: Experimentos/runs/E5_v5_clean_20260330_092959/scripts/run_e5_catboost.py | U123: Experimentos/runs/E5_v5_clean_20260330_092959/parametros_run.json | V123: Experimentos/runs/E5_v5_clean_20260330_092959/metricas_horizonte.json | W123: 2026-03-30 09:29:59 | X123: regresion
A124: E6_v1_clean | B124: E6 | C124: sarimax_regressor | D124: series_tiempo_exogenas | E124: 4 | F124: 0.3703184 | H124: 0.05 | I124: 0.3703184 | J124: 0.19129986 | K124: 0.2258512 | L124: 0.54879181 | M124: 0.71931818 | P124: ARIMAX/SARIMAX con exogenas bajo walk-forward temporal | hipotesis=arimax_baseline_corr | order=(1,0,1) trend=c | baseline fijo sin tuning interno | sin escalado | seleccion de exogenas restringida al train de cada fold externo | L_total_Radar=0.370318 | Q124: run_e6_arimax.py | R124: Scripts/Modeling/run_e6_arimax.py | S124: Experimentos/runs/E6_v1_clean_20260330_095626 | T124: Experimentos/runs/E6_v1_clean_20260330_095626/scripts/run_e6_arimax.py | U124: Experimentos/runs/E6_v1_clean_20260330_095626/parametros_run.json | V124: Experimentos/runs/E6_v1_clean_20260330_095626/metricas_horizonte.json | W124: 2026-03-30 09:56:26 | X124: regresion
A125: E6_v2_clean | B125: E6 | C125: sarimax_regressor | D125: series_tiempo_exogenas | E125: 4 | F125: 0.44576904 | H125: 0.05 | I125: 0.44576904 | J125: 0.23375617 | K125: 0.30427637 | L125: 0.56268673 | M125: 0.50618687 | P125: ARIMAX/SARIMAX con exogenas bajo walk-forward temporal | hipotesis=arimax_all_vs_corr | order=(1,0,1) trend=c | baseline fijo sin tuning interno | sin escalado | seleccion de exogenas restringida al train de cada fold externo | L_total_Radar=0.445769 | Q125: run_e6_arimax.py | R125: Scripts/Modeling/run_e6_arimax.py | S125: Experimentos/runs/E6_v2_clean_20260330_095944 | T125: Experimentos/runs/E6_v2_clean_20260330_095944/scripts/run_e6_arimax.py | U125: Experimentos/runs/E6_v2_clean_20260330_095944/parametros_run.json | V125: Experimentos/runs/E6_v2_clean_20260330_095944/metricas_horizonte.json | W125: 2026-03-30 09:59:44 | X125: regresion
A126: E7_v1_clean | B126: E7 | C126: prophet_exogenous_regressor | D126: series_tiempo_exogenas | E126: 4 | F126: 0.32550198 | H126: 0.05 | I126: 0.32550198 | J126: 0.15463937 | K126: 0.19416705 | L126: 0.62171265 | M126: 0.69116162 | P126: Prophet con regresores exogenos bajo walk-forward temporal | hipotesis=prophet_baseline_corr | changepoint_prior_scale=0.05 | seasonality_mode=additive | weekly=False yearly=False daily=False | baseline fijo sin tuning interno | sin escalado | sin estacionalidades agresivas en esta apertura | fecha integrada al pipeline via always_include_columns y seleccion de exogenas restringida al train de cada fold externo | L_total_Radar=0.325502 | Q126: run_e7_prophet.py | R126: Scripts/Modeling/run_e7_prophet.py | S126: Experimentos/runs/E7_v1_clean_20260330_105236 | T126: Experimentos/runs/E7_v1_clean_20260330_105236/scripts/run_e7_prophet.py | U126: Experimentos/runs/E7_v1_clean_20260330_105236/parametros_run.json | V126: Experimentos/runs/E7_v1_clean_20260330_105236/metricas_horizonte.json | W126: 2026-03-30 10:52:36 | X126: regresion
A127: E7_v2_clean | B127: E7 | C127: prophet_exogenous_regressor | D127: series_tiempo_exogenas | E127: 4 | F127: 0.68199199 | H127: 0.05 | I127: 0.68199199 | J127: 9.6700415 | K127: 15.224564 | L127: 0.49817447 | M127: 0.51426768 | P127: Prophet con regresores exogenos bajo walk-forward temporal | hipotesis=prophet_all_vs_corr | changepoint_prior_scale=0.05 | seasonality_mode=additive | weekly=False yearly=False daily=False | baseline fijo sin tuning interno | sin escalado | sin estacionalidades agresivas en esta apertura | fecha integrada al pipeline via always_include_columns y seleccion de exogenas restringida al train de cada fold externo | L_total_Radar=0.681992 | Q127: run_e7_prophet.py | R127: Scripts/Modeling/run_e7_prophet.py | S127: Experimentos/runs/E7_v2_clean_20260330_105319 | T127: Experimentos/runs/E7_v2_clean_20260330_105319/scripts/run_e7_prophet.py | U127: Experimentos/runs/E7_v2_clean_20260330_105319/parametros_run.json | V127: Experimentos/runs/E7_v2_clean_20260330_105319/metricas_horizonte.json | W127: 2026-03-30 10:53:19 | X127: regresion
A128: E7_v3_clean | B128: E7 | C128: prophet_exogenous_regressor | D128: series_tiempo_exogenas | E128: 4 | F128: 0.32132784 | H128: 0.05 | I128: 0.32132784 | J128: 0.15444959 | K128: 0.1944397 | L128: 0.63212932 | M128: 0.69116162 | P128: Prophet con regresores exogenos bajo walk-forward temporal | hipotesis=prophet_changepoints_mas_flexibles | changepoint_prior_scale=0.2 | seasonality_mode=additive | weekly=False yearly=False daily=False | baseline fijo sin tuning interno | sin escalado | sin estacionalidades agresivas en esta apertura | fecha integrada al pipeline via always_include_columns y seleccion de exogenas restringida al train de cada fold externo | L_total_Radar=0.321328 | Q128: run_e7_prophet.py | R128: Scripts/Modeling/run_e7_prophet.py | S128: Experimentos/runs/E7_v3_clean_20260330_113801 | T128: Experimentos/runs/E7_v3_clean_20260330_113801/scripts/run_e7_prophet.py | U128: Experimentos/runs/E7_v3_clean_20260330_113801/parametros_run.json | V128: Experimentos/runs/E7_v3_clean_20260330_113801/metricas_horizonte.json | W128: 2026-03-30 11:38:01 | X128: regresion
A129: E8_v1_clean | B129: E8 | C129: hybrid_residual_ridge_tscv_catboost_regressor | D129: hibrido_residual | E129: 4 | F129: 0.33648156 | H129: 0.05 | I129: 0.33648156 | J129: 0.13857934 | K129: 0.16593501 | L129: 0.66400502 | M129: 0.64431818 | P129: Híbrido residual temporal limpio | hipotesis=ridge_base_catboost_residual | base=ridge_tscv(corr) | residual=catboost_regressor(corr) | y_pred_final = y_pred_base + y_pred_residual | residuales entrenados con OOF temporal via TimeSeriesSplit dentro de cada fold externo | L_total_Radar=0.336482 | Q129: run_e8_hibrido_residuales.py | R129: Scripts/Modeling/run_e8_hibrido_residuales.py | S129: Experimentos/runs/E8_v1_clean_20260401_050422 | T129: Experimentos/runs/E8_v1_clean_20260401_050422/scripts/run_e8_hibrido_residuales.py | U129: Experimentos/runs/E8_v1_clean_20260401_050422/parametros_run.json | V129: Experimentos/runs/E8_v1_clean_20260401_050422/metricas_horizonte.json | W129: 2026-04-01 05:04:22 | X129: regresion
A130: E8_v2_clean | B130: E8 | C130: hybrid_residual_catboost_regressor_ridge_tscv | D130: hibrido_residual | E130: 4 | F130: 0.28572089 | H130: 0.05 | I130: 0.28572089 | J130: 0.1241905 | K130: 0.15849187 | L130: 0.69368868 | M130: 0.73598485 | P130: Híbrido residual temporal limpio | hipotesis=catboost_base_ridge_residual | base=catboost_regressor(all) | residual=ridge_tscv(corr) | y_pred_final = y_pred_base + y_pred_residual | residuales entrenados con OOF temporal via TimeSeriesSplit dentro de cada fold externo | L_total_Radar=0.285721 | Q130: run_e8_hibrido_residuales.py | R130: Scripts/Modeling/run_e8_hibrido_residuales.py | S130: Experimentos/runs/E8_v2_clean_20260401_050721 | T130: Experimentos/runs/E8_v2_clean_20260401_050721/scripts/run_e8_hibrido_residuales.py | U130: Experimentos/runs/E8_v2_clean_20260401_050721/parametros_run.json | V130: Experimentos/runs/E8_v2_clean_20260401_050721/metricas_horizonte.json | W130: 2026-04-01 05:07:21 | X130: regresion
A131: E8_v3_clean | B131: E8 | C131: hybrid_residual_catboost_regressor_prophet_exogenous_regressor | D131: hibrido_residual | E131: 4 | F131: 0.62775529 | H131: 0.05 | I131: 0.62775529 | J131: 0.53103862 | K131: 0.91253965 | L131: 0.51168896 | M131: 0.51792929 | P131: Híbrido residual temporal limpio | hipotesis=catboost_base_prophet_residual | base=catboost_regressor(all) | residual=prophet_exogenous_regressor(corr) | y_pred_final = y_pred_base + y_pred_residual | residuales entrenados con OOF temporal via TimeSeriesSplit dentro de cada fold externo | L_total_Radar=0.627755 | Q131: run_e8_hibrido_residuales.py | R131: Scripts/Modeling/run_e8_hibrido_residuales.py | S131: Experimentos/runs/E8_v3_clean_20260401_050927 | T131: Experimentos/runs/E8_v3_clean_20260401_050927/scripts/run_e8_hibrido_residuales.py | U131: Experimentos/runs/E8_v3_clean_20260401_050927/parametros_run.json | V131: Experimentos/runs/E8_v3_clean_20260401_050927/metricas_horizonte.json | W131: 2026-04-01 05:09:27 | X131: regresion
... A137: OP_W14_CONTROLLED | B137: E1 | C137: ridge_tscv | D137: lineal_regularizado | E137: 1 | F137: 0.074985238 | H137: 0.05 | I137: 0.074985238 | J137: 0.10881974 | K137: 0.13402141 | L137: 0.82142857 | M137: 0.76923077 | P137: Ridge clean con tuning interno TimeSeriesSplit | metric=mae | L_total_Radar=0.074985 | Q137: run_e1_ridge_clean.py | R137: src/modeling/runners/run_e1_ridge_clean.py | S137: experiments/runs/OP_W14_CONTROLLED_20260414_050018 | T137: experiments/runs/OP_W14_CONTROLLED_20260414_050018/scripts/run_e1_ridge_clean.py | U137: experiments/runs/OP_W14_CONTROLLED_20260414_050018/parametros_run.json | V137: experiments/runs/OP_W14_CONTROLLED_20260414_050018/metricas_horizonte.json | W137: 2026-04-14 05:00:18 | X137: regresion

Sheet RUN_ARTEFACTOS
A1: Fecha | B1: Run_ID | C1: Experiment_ID | D1: Tipo | E1: Nombre | F1: Ruta | G1: Notas
A3: 2026-03-21 07:02:26 | B3: E1_v1 | C3: E1 | D3: script_snapshot | E3: run_e1_ridge.py | F3: Experimentos/runs/E1_v1_20260321_063715/scripts/run_e1_ridge.py | G3: Copia del script ejecutado para reproducibilidad.
A4: 2026-03-21 07:02:26 | B4: E1_v1 | C4: E1 | D4: parametros | E4: parametros_run.json | F4: Experimentos/runs/E1_v1_20260321_063715/parametros_run.json | G4: Parametros del experimento.
A5: 2026-03-21 07:02:26 | B5: E1_v1 | C5: E1 | D5: predicciones | E5: predicciones_h1.csv | F5: Experimentos/runs/E1_v1_20260321_063715/predicciones_h1.csv | G5: Walk-forward Ridge para horizonte 1.
A6: 2026-03-21 07:02:26 | B6: E1_v1 | C6: E1 | D6: predicciones | E6: predicciones_h2.csv | F6: Experimentos/runs/E1_v1_20260321_063715/predicciones_h2.csv | G6: Walk-forward Ridge para horizonte 2.
A7: 2026-03-21 07:02:26 | B7: E1_v1 | C7: E1 | D7: predicciones | E7: predicciones_h3.csv | F7: Experimentos/runs/E1_v1_20260321_063715/predicciones_h3.csv | G7: Walk-forward Ridge para horizonte 3.
A8: 2026-03-21 07:02:26 | B8: E1_v1 | C8: E1 | D8: predicciones | E8: predicciones_h4.csv | F8: Experimentos/runs/E1_v1_20260321_063715/predicciones_h4.csv | G8: Walk-forward Ridge para horizonte 4.
A9: 2026-03-21 07:02:27 | B9: E1_v1 | C9: E1 | D9: resumen | E9: resumen_modeling_horizontes.json | F9: Experimentos/runs/E1_v1_20260321_063715/resumen_modeling_horizontes.json | G9: Resumen de tamanos por horizonte.
A10: 2026-03-21 07:02:27 | B10: E1_v1 | C10: E1 | D10: metricas | E10: metricas_horizonte.json | F10: Experimentos/runs/E1_v1_20260321_063715/metricas_horizonte.json | G10: Resumen estructurado por horizonte.
A11: 2026-03-21 07:02:27 | B11: E1_v1 | C11: E1 | D11: metadata | E11: metadata_run.json | F11: Experimentos/runs/E1_v1_20260321_063715/metadata_run.json | G11: Metadata base del run.
A12: 2026-03-21 08:39:24 | B12: E1_v2 | C12: E1 | D12: script_snapshot | E12: run_e1_ridge.py | F12: Experimentos/runs/E1_v2_20260321_083922/scripts/run_e1_ridge.py | G12: Copia del script ejecutado para reproducibilidad.
A13: 2026-03-21 08:39:24 | B13: E1_v2 | C13: E1 | D13: parametros | E13: parametros_run.json | F13: Experimentos/runs/E1_v2_20260321_083922/parametros_run.json | G13: Parametros del experimento.
... A657: 2026-04-14 05:00:29 | B657: OP_W14_CONTROLLED | C657: E1 | D657: metadata | E657: metadata_run.json | F657: experiments/runs/OP_W14_CONTROLLED_20260414_050018/metadata_run.json | G657: Metadata base del run.
